timestamp,status
2026-05-04 23:27:12.077221,success
2026-05-04 23:34:14.428817,success
2026-05-05 00:04:33.687160,success
2026-05-05 02:31:10.106956,success
2026-05-05 02:37:09.412515,success
2026-05-05 02:53:40.887266,success
2026-05-05 03:58:25.832179,success
2026-05-05 06:26:57.990216,success
2026-05-05 08:35:33.428405,success
2026-05-05 10:51:23.191817,success
2026-05-05 12:07:49.314417,success
2026-05-05 12:36:59.365765,success
2026-05-05 16:35:26.630881,success
2026-05-05 18:05:56.668664,success
2026-05-05 19:59:21.659945,success
2026-05-05 21:12:42.494400,success
2026-05-05 22:33:10.498083,success
2026-05-05 22:40:57.069348,success
2026-05-05 23:55:33.442244,success
2026-05-06 03:41:29.568558,success
2026-05-06 06:35:53.821859,success
2026-05-06 09:29:42.791830,success
2026-05-06 11:28:13.774365,success
2026-05-06 13:18:51.550485,success
2026-05-06 15:43:50.490664,success
2026-05-06 17:47:08.955806,success
2026-05-06 19:54:58.848805,success
2026-05-06 21:16:42.888836,success
2026-05-06 22:27:03.928167,success
2026-05-06 23:30:05.689844,success
2026-05-07 01:20:29.049465,success
2026-05-07 05:00:52.951492,success
2026-05-07 07:51:01.358259,success
2026-05-07 10:31:12.355467,success
2026-05-07 12:21:06.605058,success
2026-05-07 15:16:21.017818,success
2026-05-07 17:19:36.272805,success
2026-05-07 19:20:25.867285,success
2026-05-07 20:50:05.630616,success
2026-05-07 22:06:55.043432,success
2026-05-07 23:29:51.868712,success
2026-05-08 01:21:36.797310,success
2026-05-08 04:41:17.999338,success
2026-05-08 06:55:47.994779,success
2026-05-08 08:25:15.849270,success
2026-05-08 10:06:25.524517,success
2026-05-08 11:56:02.442340,success
2026-05-08 14:03:31.528015,success
2026-05-08 16:00:56.119185,success
2026-05-08 17:42:59.721759,success
2026-05-08 19:27:44.307303,success
2026-05-08 20:36:49.558093,success
2026-05-08 22:03:22.303765,success
2026-05-08 23:31:33.253034,success
2026-05-09 03:35:23.910677,success
2026-05-09 06:22:17.900538,success
2026-05-09 08:18:44.390471,success
2026-05-09 09:54:16.523866,success
2026-05-09 11:02:10.196861,success
2026-05-09 12:12:14.692026,success
2026-05-09 14:00:38.649306,success
2026-05-09 15:06:35.540234,success
2026-05-09 16:30:12.700288,success
2026-05-09 17:33:11.408033,success
2026-05-09 19:12:08.969685,success
2026-05-09 20:10:23.535450,success
2026-05-09 21:12:51.594704,success
2026-05-09 22:10:19.021702,success
2026-05-09 23:26:55.025205,success
2026-05-10 01:22:47.917148,success
2026-05-10 05:07:12.082532,success
2026-05-10 07:40:44.441746,success
2026-05-10 09:43:20.846407,success
2026-05-10 11:04:07.037198,success
2026-05-10 12:10:56.495150,success
2026-05-10 14:02:26.551928,success
2026-05-10 15:32:59.232815,success
2026-05-10 17:02:38.324861,success
2026-05-10 18:33:23.363332,success
2026-05-10 20:01:58.369824,success
2026-05-10 21:25:54.071616,success
2026-05-10 22:13:11.596373,success
2026-05-10 23:29:44.789489,success
2026-05-11 01:27:37.547366,success
2026-05-11 05:40:18.703229,success
2026-05-11 09:52:22.948045,success
2026-05-11 12:43:29.855758,success
2026-05-11 16:06:16.052649,success
2026-05-11 18:19:35.605137,success
2026-05-11 20:19:46.431549,success
2026-05-11 21:51:17.486887,success
2026-05-11 23:00:26.848109,success
2026-05-12 00:08:21.586331,success
2026-05-12 04:25:40.634037,success
2026-05-12 07:25:12.562444,success
2026-05-12 10:06:57.204450,success
2026-05-12 12:26:50.514153,success
2026-05-12 15:25:20.114923,success
2026-05-12 17:35:16.602408,success
2026-05-12 20:01:59.737697,success
2026-05-12 21:51:39.973978,success
2026-05-12 23:07:36.032757,success
2026-05-13 01:25:02.318259,success
2026-05-13 05:29:01.632290,success
2026-05-13 08:19:11.581649,success
2026-05-13 11:10:58.636708,success
2026-05-13 13:38:15.827854,success
2026-05-13 16:25:03.566562,success
2026-05-13 18:26:08.748122,success
2026-05-13 20:20:21.638713,success
2026-05-13 21:55:23.575962,success
2026-05-13 23:10:56.481167,success
2026-05-14 01:28:15.443799,success
2026-05-14 05:29:24.571913,success
2026-05-14 08:13:18.504711,success
2026-05-14 10:59:22.588143,success
2026-05-14 13:01:44.147588,success
2026-05-14 15:43:07.682131,success
2026-05-14 17:58:54.025088,success
2026-05-14 19:58:34.140708,success
2026-05-14 21:18:55.694406,success
2026-05-14 22:38:21.688873,success
2026-05-15 00:02:01.634213,success
2026-05-15 04:36:30.746508,success
2026-05-15 10:35:15.620676,success
2026-05-15 12:58:54.717028,success
2026-05-15 15:24:29.885431,success
2026-05-15 17:11:56.514305,success
2026-05-15 19:07:17.536870,success
2026-05-15 20:42:26.551956,success
2026-05-15 22:04:05.399244,success
2026-05-15 23:30:25.302567,success
2026-05-16 01:20:24.368260,success
2026-05-16 04:57:22.636082,success
2026-05-16 07:22:04.288970,success
2026-05-16 09:13:29.971464,success
2026-05-16 10:47:14.910642,success
2026-05-16 11:56:52.620236,success
2026-05-16 13:48:06.202144,success
2026-05-16 15:02:15.025360,success
2026-05-16 16:30:29.619222,success
2026-05-16 17:34:34.617099,success
2026-05-16 19:13:56.111931,success
2026-05-16 20:12:57.527560,success
2026-05-16 21:26:27.101919,success
2026-05-16 22:24:47.687887,success
2026-05-16 23:29:42.251852,success
2026-05-17 01:27:57.637658,success
2026-05-17 05:31:47.332634,success
2026-05-17 08:28:17.689713,success
2026-05-17 10:10:58.757563,success
2026-05-17 11:40:41.868722,success
2026-05-17 13:43:40.215425,success
2026-05-17 15:02:30.079091,success
2026-05-17 16:31:53.536986,success
2026-05-17 18:02:09.225619,success
2026-05-17 19:46:07.911586,success
2026-05-17 21:00:56.259986,success
2026-05-17 22:04:07.173596,success
2026-05-17 23:32:23.515243,success
2026-05-18 04:10:18.424615,success
2026-05-18 08:33:03.398185,success
2026-05-18 12:39:09.540757,success
2026-05-18 16:30:22.908188,success
2026-05-18 18:21:52.686795,success
2026-05-18 20:16:30.029742,success
2026-05-18 21:48:36.950387,success
2026-05-18 23:09:12.879996,success
2026-05-19 01:31:40.385565,success
2026-05-19 06:14:29.639334,success
2026-05-19 10:25:26.319533,success
2026-05-19 13:42:58.244060,success
2026-05-19 16:52:48.315713,success
2026-05-19 19:06:22.700763,success
2026-05-19 21:03:28.416937,success
2026-05-19 22:46:47.985575,success
2026-05-20 00:12:54.878906,success
2026-05-20 04:48:56.219091,success
2026-05-20 08:30:25.943155,success
2026-05-20 11:32:06.015540,success
2026-05-20 15:37:05.133529,success
2026-05-20 18:23:55.080477,success
2026-05-20 20:36:08.667003,success
2026-05-20 22:26:58.107115,success
2026-05-20 23:50:38.862410,success
2026-05-21 04:14:02.369270,success
2026-05-21 08:09:52.531487,success
2026-05-21 11:49:49.005965,success
2026-05-21 15:40:45.237295,success
2026-05-21 18:05:11.206391,success
2026-05-21 20:22:38.369672,success
2026-05-21 22:00:43.626268,success
2026-05-21 23:14:09.166329,success
2026-05-22 01:31:39.869978,success
2026-05-22 06:14:13.838904,success
2026-05-22 09:58:41.567963,success
2026-05-22 12:31:05.122733,success
2026-05-22 15:39:17.029960,success
2026-05-22 17:58:45.568965,success
2026-05-22 20:02:44.243552,success
2026-05-22 21:44:53.205459,success
2026-05-22 23:08:00.863733,success
2026-05-23 01:24:44.936672,success
2026-05-23 05:07:33.266493,success
2026-05-23 07:56:27.048385,success
2026-05-23 10:00:27.014896,success
2026-05-23 11:22:47.292297,success
2026-05-23 12:13:33.665370,success
2026-05-23 14:11:04.511510,success
2026-05-23 15:44:56.659913,success
2026-05-23 17:07:56.900798,success
2026-05-23 18:35:36.244529,success
2026-05-23 20:09:30.957577,success
2026-05-23 21:28:31.972187,success
2026-05-23 22:29:52.358884,success
2026-05-23 23:35:49.349501,success
2026-05-24 04:07:37.768680,success
2026-05-24 07:38:38.559126,success
2026-05-24 10:00:47.232295,success
2026-05-24 11:36:34.296469,success
2026-05-24 13:47:34.977565,success
2026-05-24 15:10:13.564666,success
2026-05-24 16:34:34.042724,success
2026-05-24 18:01:53.403592,success
2026-05-24 19:47:52.389647,success
2026-05-24 21:03:38.168449,success
2026-05-24 22:31:44.415316,success
2026-05-25 00:05:58.522556,success
2026-05-25 05:07:57.332916,success
2026-05-25 09:13:23.745639,success
2026-05-25 12:50:41.412862,success
2026-05-25 15:55:38.314930,success
2026-05-25 17:49:04.336944,success
2026-05-25 19:49:26.271734,success
2026-05-25 21:16:23.357262,success
2026-05-25 22:36:32.422400,success
2026-05-26 00:11:38.669018,success
2026-05-26 04:46:31.119192,success
2026-05-26 08:36:28.902844,success
2026-05-26 16:27:37.478618,success
2026-05-26 19:03:34.009114,success
2026-05-26 21:13:01.757693,success
2026-05-26 22:51:16.307770,success
2026-05-27 00:13:57.045860,success
2026-05-27 04:57:59.813929,success
2026-05-27 08:46:05.937202,success
2026-05-27 12:25:19.447791,success
2026-05-27 16:25:25.868501,success
2026-05-27 18:39:59.042650,success
2026-05-27 21:04:41.108073,success
2026-05-27 22:58:37.707573,success
2026-05-28 00:08:35.393175,success
2026-05-28 04:52:12.093951,success
2026-05-28 08:47:23.836201,success
2026-05-28 12:34:52.650440,success
2026-05-28 16:58:01.739580,success
2026-05-28 19:41:26.773665,success
2026-05-28 22:00:34.844621,success
2026-05-28 23:38:38.820211,success
2026-05-29 04:09:14.728254,success
2026-05-29 08:26:08.049133,success
2026-05-29 11:49:11.583266,success
2026-05-29 15:54:21.930189,success
2026-05-29 18:41:27.877160,success
2026-05-29 21:11:07.539085,success
2026-05-29 22:52:51.962773,success
2026-05-30 00:13:32.137590,success
2026-05-30 04:36:09.744943,success
2026-05-30 07:44:12.293764,success
2026-05-30 10:05:40.857740,success
2026-05-30 11:54:46.466628,success
2026-05-30 13:51:37.069441,success
2026-05-30 15:14:34.258887,success
2026-05-30 16:35:36.454753,success
2026-05-30 18:05:44.565158,success
2026-05-30 19:50:50.255524,success
2026-05-30 21:06:13.184011,success
2026-05-30 22:33:00.729363,success
2026-05-31 00:06:03.693260,success
2026-05-31 05:06:08.691184,success
2026-05-31 08:28:00.158415,success
2026-05-31 10:33:35.239483,success
2026-05-31 12:15:13.192631,success
2026-05-31 14:19:34.579035,success
2026-05-31 15:51:21.126345,success
2026-05-31 17:14:16.904435,success
2026-05-31 18:46:51.365209,success
2026-05-31 20:15:53.999679,success
2026-05-31 21:34:15.810487,success
2026-05-31 23:06:06.142893,success
2026-06-01 01:41:24.125536,success
2026-06-01 07:06:57.513241,success
2026-06-01 13:14:26.954453,success
2026-06-01 19:10:03.389122,success
2026-06-01 22:23:05.792857,success
2026-06-01 23:53:37.039578,success
2026-06-02 04:28:19.884753,success
2026-06-02 08:54:56.581942,success
2026-06-02 12:47:52.177115,success
2026-06-02 17:28:31.478110,success
2026-06-02 20:29:16.353772,success
2026-06-02 22:37:45.104129,success
2026-06-03 01:43:53.415686,success
2026-06-03 06:59:24.074033,success
2026-06-03 12:02:57.395571,success
2026-06-03 17:29:19.182273,success
2026-06-03 20:40:56.041045,success
2026-06-03 23:08:16.527870,success
2026-06-04 02:08:13.056133,success
2026-06-04 07:08:08.004269,success
2026-06-04 10:49:34.392525,success
2026-06-04 14:07:55.130334,success
2026-06-04 17:31:29.293727,success
2026-06-04 20:12:08.785559,success
2026-06-04 22:06:40.452882,success
2026-06-04 23:47:12.762695,success
2026-06-05 04:16:12.195360,success
2026-06-05 08:31:10.260818,success
2026-06-05 11:46:02.866914,success
2026-06-05 15:16:46.744016,success
2026-06-05 17:29:37.228967,success
2026-06-05 19:21:59.643570,success
2026-06-05 21:09:51.725756,success
2026-06-05 22:44:52.914400,success
2026-06-06 00:13:32.606642,success
2026-06-06 04:38:59.200036,success
2026-06-06 07:49:34.276792,success
2026-06-06 10:10:38.650041,success
2026-06-06 11:56:46.991548,success
2026-06-06 14:00:13.749310,success
2026-06-06 15:23:43.808530,success
2026-06-06 16:42:34.617236,success
2026-06-06 18:12:06.119921,success
2026-06-06 19:55:38.583260,success
2026-06-06 21:10:22.789455,success
2026-06-06 22:38:34.395826,success
2026-06-07 00:10:17.854536,success
2026-06-07 05:09:48.101402,success
2026-06-07 08:37:26.839921,success
2026-06-07 11:12:32.254603,success
2026-06-07 13:06:40.244324,success
2026-06-07 15:12:52.249152,success
2026-06-07 16:54:23.745382,success
2026-06-07 18:09:17.758360,success
2026-06-07 19:56:54.185043,success
2026-06-07 21:20:40.300573,success
2026-06-07 22:39:41.720109,success
2026-06-08 00:15:47.402198,success
2026-06-08 05:15:34.189577,success
2026-06-08 10:06:46.331556,success
2026-06-08 14:36:52.183648,success
2026-06-08 18:00:23.590346,success
2026-06-08 20:30:21.787987,success
2026-06-08 22:13:31.645954,success
2026-06-08 23:48:40.960787,success
2026-06-09 04:01:45.015639,success
2026-06-09 08:08:25.723997,success
2026-06-09 11:41:43.164043,success
2026-06-09 15:17:17.828089,success
2026-06-09 17:34:47.775864,success
2026-06-09 20:13:32.262638,success
2026-06-09 22:08:41.472619,success
2026-06-09 23:53:23.823488,success
2026-06-10 04:13:10.779110,success
2026-06-10 08:32:41.159443,success
2026-06-10 12:28:00.607976,success
2026-06-10 16:24:24.024165,success
2026-06-10 19:14:38.818701,success
2026-06-10 21:37:04.701352,success
2026-06-10 23:40:01.482617,success
2026-06-11 04:25:44.585371,success
2026-06-11 09:02:02.167145,success
2026-06-11 13:02:33.200793,success
2026-06-11 17:07:42.963606,success
2026-06-11 19:59:09.768670,success
2026-06-11 22:09:08.466903,success
2026-06-12 00:05:15.133966,success
2026-06-12 05:20:42.773692,success
2026-06-12 09:44:46.120250,success
2026-06-12 12:58:23.114805,success
2026-06-12 16:26:31.434387,success
2026-06-12 18:25:35.890801,success
2026-06-12 20:37:38.530588,success
2026-06-12 22:29:08.482526,success
2026-06-13 00:04:42.870056,success
2026-06-13 05:06:57.336102,success
2026-06-13 08:39:04.013769,success
2026-06-13 11:20:30.317794,success
2026-06-13 13:07:29.238779,success
2026-06-13 15:18:53.595974,success
2026-06-13 16:58:01.343782,success
2026-06-13 18:18:46.795959,success
2026-06-13 20:04:26.942671,success
2026-06-13 21:47:58.218715,success
2026-06-13 23:12:00.236754,success
2026-06-14 01:57:05.908549,success
2026-06-14 06:49:19.970070,success
2026-06-14 10:28:50.767325,success
2026-06-14 12:26:14.213656,success
2026-06-14 14:55:39.130023,success
2026-06-14 16:27:43.773688,success
2026-06-14 18:00:48.504788,success
2026-06-14 19:53:04.345310,success
2026-06-14 21:19:16.792921,success
2026-06-14 22:44:52.502766,success
2026-06-15 00:19:04.235170,success
2026-06-15 05:40:35.028300,success
2026-06-15 12:28:01.683987,success
2026-06-15 17:34:30.209921,success
2026-06-15 21:11:45.936354,success
2026-06-15 23:19:38.528147,success
2026-06-16 02:10:40.065065,success
2026-06-16 08:30:06.645685,success
2026-06-16 13:16:50.110044,success
2026-06-16 18:18:54.848883,success
2026-06-16 21:28:50.840027,success
2026-06-16 23:07:36.038665,success
2026-06-17 02:04:12.593007,success
2026-06-17 07:36:32.494375,success
2026-06-17 12:22:02.322506,success
2026-06-17 16:25:08.085566,success
2026-06-17 19:08:15.157998,success
2026-06-17 21:30:37.905861,success
2026-06-17 23:05:43.860792,success
2026-06-18 02:02:44.150014,success
2026-06-18 07:17:33.155431,success
2026-06-18 11:37:02.704013,success
2026-06-18 15:38:38.401234,success
2026-06-18 18:29:29.231077,success
2026-06-18 21:06:50.992352,success
2026-06-18 23:19:55.958741,success
2026-06-19 02:20:08.158942,success
2026-06-19 07:41:18.621936,success
2026-06-19 12:13:31.570533,success
2026-06-19 15:50:19.383880,success
2026-06-19 18:03:30.457997,success
2026-06-19 20:17:27.102051,success
2026-06-19 21:46:48.561998,success
2026-06-19 23:03:42.836486,success
2026-06-20 01:37:16.520004,success
2026-06-20 06:27:52.502992,success
2026-06-20 09:51:43.642241,success
2026-06-20 12:01:57.411808,success
2026-06-20 14:43:02.861715,success
2026-06-20 16:24:26.046447,success
2026-06-20 17:56:23.906149,success
2026-06-20 19:47:00.608620,success
2026-06-20 21:23:21.259071,success
2026-06-20 22:45:09.977648,success
2026-06-21 00:14:13.503997,success
2026-06-21 05:27:26.794134,success
2026-06-21 09:10:23.750148,success
2026-06-21 12:00:51.101597,success
2026-06-21 14:30:53.152055,success
2026-06-21 16:17:55.989876,success
2026-06-21 18:07:54.148907,success
2026-06-21 20:14:12.366857,success
2026-06-21 21:57:00.054945,success
2026-06-21 23:24:18.185144,success
2026-06-22 02:04:27.447893,success
2026-06-22 08:41:20.117731,success
2026-06-22 14:46:42.157696,success
2026-06-22 18:51:16.791905,success
2026-06-22 21:34:09.433985,success
2026-06-22 23:25:07.239431,success
2026-06-23 01:32:51.408008,success
2026-06-23 06:13:58.043265,success
2026-06-23 10:12:19.999914,success
2026-06-23 13:23:58.883040,success
2026-06-23 16:11:01.539747,success
2026-06-23 18:23:17.693561,success
2026-06-23 20:35:10.627649,success
2026-06-23 22:19:08.228322,success
2026-06-23 23:37:14.391402,success
2026-06-24 04:03:06.240648,success
2026-06-24 08:00:19.703470,success
2026-06-24 11:13:55.938741,success
2026-06-24 13:38:22.748308,success
2026-06-24 16:26:13.255463,success
2026-06-24 20:19:31.488856,success
2026-06-24 21:55:24.152226,success
2026-06-24 23:10:15.769082,success
2026-06-25 01:33:27.481851,success
2026-06-25 06:14:13.057239,success
2026-06-25 09:54:18.221920,success
2026-06-25 12:26:39.302206,success
2026-06-25 15:26:31.900567,success
2026-06-25 17:32:57.864147,success
2026-06-25 20:09:14.430203,success
2026-06-25 22:06:17.598170,success
2026-06-25 23:54:34.195440,success
2026-06-26 04:10:56.620297,success
2026-06-26 08:09:08.779130,success
2026-06-26 11:26:07.083792,success
2026-06-26 13:32:09.506262,success
2026-06-26 16:21:59.037141,success
2026-06-26 18:11:38.191255,success
2026-06-26 20:19:30.900377,success
2026-06-26 21:49:22.108962,success
2026-06-26 23:13:13.658058,success
2026-06-27 01:29:50.506667,success
2026-06-27 05:33:48.975074,success
2026-06-27 08:43:37.095263,success
2026-06-27 11:00:50.779721,success
2026-06-27 12:15:32.460546,success
2026-06-27 14:15:22.819618,success
2026-06-27 15:50:25.304810,success
2026-06-27 17:17:46.448718,success
2026-06-27 18:46:48.131827,success
2026-06-27 20:12:05.403697,success
2026-06-27 21:40:01.312093,success
2026-06-27 23:09:15.670677,success
2026-06-28 01:35:16.405713,success
2026-06-28 06:24:57.186435,success
2026-06-28 09:43:50.433913,success
2026-06-28 11:49:51.501630,success
2026-06-28 14:00:15.079740,success
2026-06-28 15:24:39.091993,success
2026-06-28 16:44:22.414318,success
2026-06-28 18:09:15.200648,success
2026-06-28 19:55:55.041824,success
2026-06-28 21:09:07.507911,success
2026-06-28 22:36:34.665259,success
2026-06-29 00:13:50.901967,success
2026-06-29 05:14:33.213011,success
2026-06-29 10:10:41.819952,success
2026-06-29 14:35:38.501814,success
2026-06-29 17:43:36.286332,success
2026-06-29 20:06:49.945396,success
2026-06-29 21:54:05.273853,success
2026-06-29 23:03:22.193906,success
2026-06-30 01:32:20.550684,success
2026-06-30 06:18:26.396415,success
2026-06-30 10:12:14.293124,success
2026-06-30 12:30:43.275432,success
2026-06-30 15:16:53.046997,success
2026-06-30 17:25:33.915830,success
2026-06-30 19:21:16.655661,success
2026-06-30 21:16:27.491559,success
2026-06-30 22:52:12.867346,success
2026-07-01 00:13:23.864672,success
2026-07-01 05:07:50.812255,success
2026-07-01 09:00:47.852079,success
2026-07-01 12:16:13.620730,success
2026-07-01 15:20:58.737890,success
2026-07-01 17:30:36.784889,success
2026-07-01 19:22:34.849182,success
2026-07-01 21:08:51.343934,success
2026-07-01 22:49:19.708399,success
2026-07-02 00:14:45.883105,success
2026-07-02 04:42:47.996941,success
2026-07-02 08:14:48.618113,success
2026-07-02 11:10:03.179033,success
2026-07-02 13:19:30.964622,success
2026-07-02 15:42:57.300693,success
2026-07-02 17:55:33.363261,success
2026-07-02 19:40:07.174933,success
2026-07-02 21:15:18.371047,success
2026-07-02 22:39:35.148147,success
2026-07-03 00:11:55.937137,success
2026-07-03 04:27:39.318464,success
2026-07-03 07:48:10.982205,success
2026-07-03 10:43:19.663696,success
2026-07-03 13:00:28.606048,success
2026-07-03 15:20:42.682640,success
2026-07-03 16:56:19.716538,success
2026-07-03 18:16:57.794132,success
2026-07-03 19:59:07.529062,success
2026-07-03 21:18:35.393228,success
2026-07-03 22:35:47.911413,success
2026-07-04 00:10:39.335680,success
2026-07-04 04:21:37.040289,success
2026-07-04 07:24:56.963274,success
2026-07-04 09:38:27.100964,success
2026-07-04 11:38:06.906345,success
2026-07-04 13:45:19.722479,success
2026-07-04 15:11:06.648969,success
2026-07-04 16:33:50.941752,success
2026-07-04 18:06:10.055335,success
2026-07-04 19:46:46.518334,success
2026-07-04 21:04:41.390322,success
2026-07-04 22:30:12.345933,success
2026-07-04 23:37:40.386600,success
2026-07-05 03:56:54.447196,success
2026-07-05 07:34:18.660846,success
2026-07-05 10:22:30.219396,success
2026-07-05 11:56:48.986402,success
2026-07-05 13:55:57.419527,success
2026-07-05 15:17:54.804053,success
2026-07-05 16:36:33.597762,success
2026-07-05 18:09:03.445500,success
2026-07-05 19:53:02.407595,success
2026-07-05 21:08:14.046548,success
2026-07-06 00:12:43.113766,success
2026-07-06 04:54:13.467064,success
2026-07-06 09:04:20.499244,success
2026-07-06 13:05:47.866548,success
2026-07-06 16:39:53.991610,success
2026-07-06 18:59:46.551428,success
2026-07-06 20:57:30.726873,success
2026-07-06 22:21:05.452855,success
2026-07-06 23:40:08.078163,success
2026-07-07 03:54:14.923087,success
2026-07-07 07:46:16.371109,success
2026-07-07 11:13:41.854,success
2026-07-07 13:36:41.185117,success
2026-07-07 16:35:28.451300,success
2026-07-07 19:06:32.653817,success
2026-07-07 21:08:33.196780,success
2026-07-07 22:39:30.606952,success
2026-07-08 00:02:42.395297,success
2026-07-08 03:56:13.535474,success
2026-07-08 06:33:54.884782,success
2026-07-08 09:29:24.134676,success
2026-07-08 11:25:58.715301,success
2026-07-08 13:09:05.832660,success
2026-07-08 15:51:33.307451,success
2026-07-08 17:43:23.977346,success
2026-07-08 19:41:32.830007,success
2026-07-08 21:14:13.000278,success
2026-07-08 22:34:44.315747,success
2026-07-09 00:16:46.915820,success
2026-07-09 04:33:13.234790,success
2026-07-09 12:11:07.135802,success
2026-07-09 15:42:50.691666,success
2026-07-09 18:01:26.261235,success
2026-07-09 20:22:23.238714,success
2026-07-09 22:01:35.702474,success
2026-07-09 23:47:22.489524,success
2026-07-10 03:49:23.601268,success
2026-07-10 07:41:44.159776,success
2026-07-10 11:10:19.529530,success
2026-07-10 13:28:56.217407,success
2026-07-10 15:59:21.830798,success
2026-07-10 17:55:38.392900,success
2026-07-10 19:40:12.332052,success
2026-07-10 21:10:55.758998,success
2026-07-10 22:33:25.653532,success
2026-07-11 00:04:02.872968,success
2026-07-11 03:53:49.131343,success
2026-07-11 06:18:59.986056,success
2026-07-11 08:21:17.024915,success
2026-07-11 10:01:00.308399,success
2026-07-11 11:16:31.494174,success
2026-07-11 12:31:24.866313,success
2026-07-11 14:24:29.374158,success
2026-07-11 15:32:51.536080,success
2026-07-11 17:03:31.299628,success
2026-07-11 18:29:01.487894,success
2026-07-11 19:46:26.865517,success
2026-07-11 20:56:56.571003,success
2026-07-11 21:56:50.629977,success
2026-07-11 22:57:39.647985,success
2026-07-12 00:03:22.125879,success
2026-07-12 04:08:15.866936,success
2026-07-12 07:08:38.002257,success
2026-07-12 09:28:21.597397,success
2026-07-12 10:57:29.891323,success
2026-07-12 12:04:49.534958,success
2026-07-12 14:06:42.929356,success
2026-07-12 15:35:41.551675,success
2026-07-12 17:05:05.078225,success
2026-07-12 18:29:24.969448,success
2026-07-12 19:43:53.753403,success
2026-07-12 20:57:38.408666,success
2026-07-12 21:59:14.263563,success
2026-07-12 23:00:44.019379,success
2026-07-13 00:06:12.645415,success
2026-07-13 04:10:41.195959,success
2026-07-13 07:49:53.622723,success
2026-07-13 11:18:54.180260,success
2026-07-13 13:40:50.141641,success
2026-07-13 16:38:34.444022,success
2026-07-13 18:46:58.763574,success
2026-07-13 20:19:49.205371,success
2026-07-13 21:30:47.251084,success
2026-07-13 22:33:02.112014,success
2026-07-13 23:58:30.857134,success
2026-07-14 03:22:01.785904,success
2026-07-14 05:54:02.962546,success
2026-07-14 08:17:40.776906,success
2026-07-14 10:19:07.127992,success
2026-07-14 11:57:14.758680,success
2026-07-14 14:03:09.831547,success
2026-07-14 16:00:12.991260,success
2026-07-14 17:24:40.537507,success
2026-07-14 18:41:40.011730,success
2026-07-14 20:16:48.615160,success
2026-07-14 21:32:30.145115,success
2026-07-14 23:01:15.561033,success
2026-07-15 00:52:30.116097,success
2026-07-15 04:09:17.431593,success
2026-07-15 06:37:51.440432,success
2026-07-15 09:12:35.857354,success
2026-07-15 11:11:15.956970,success
2026-07-15 12:53:24.039567,success
2026-07-15 14:57:22.466888,success
2026-07-15 16:39:45.006780,success
2026-07-15 18:13:12.680348,success
2026-07-15 19:46:46.904479,success
2026-07-15 21:05:14.894956,success
2026-07-15 22:31:55.167646,success
2026-07-16 00:03:46.591978,success
2026-07-16 03:48:44.326691,success
2026-07-16 06:23:40.242847,success
2026-07-16 08:42:00.870004,success
2026-07-16 11:04:27.032307,success
2026-07-16 13:02:38.192106,success
2026-07-16 15:18:27.449091,success
2026-07-16 16:50:24.616425,success
2026-07-16 18:09:50.541067,success
2026-07-16 19:42:29.111845,success
2026-07-16 21:07:48.489476,success
2026-07-16 22:30:48.602985,success
2026-07-16 23:32:12.676513,success
2026-07-17 03:15:14.720966,success
2026-07-17 06:00:47.694797,success
2026-07-17 08:25:11.719314,success
2026-07-17 10:19:45.425330,success
2026-07-17 11:54:07.852342,success
2026-07-17 13:49:36.611571,success
2026-07-17 15:18:46.773992,success
2026-07-17 16:41:55.549240,success
2026-07-17 18:10:24.443231,success
2026-07-17 19:41:23.653896,success
2026-07-17 21:01:48.931782,success
2026-07-17 22:25:00.196248,success
2026-07-17 23:26:50.831993,success
2026-07-18 00:58:44.965754,success
2026-07-18 04:08:29.718255,success
2026-07-18 06:29:34.384422,success
2026-07-18 08:24:47.232997,success
2026-07-18 10:00:20.895220,success
2026-07-18 11:14:40.362251,success
2026-07-18 12:30:20.206089,success
2026-07-18 14:02:59.753439,success
2026-07-18 15:32:02.350355,success
2026-07-18 16:32:22.715285,success
2026-07-18 17:59:48.998981,success
2026-07-18 19:18:48.251630,success
2026-07-18 20:22:18.561889,success
2026-07-18 21:26:39.274745,success
2026-07-18 22:26:42.275451,success
2026-07-18 23:29:27.268654,success
2026-07-19 01:05:43.353069,success
2026-07-19 04:51:43.468827,success
2026-07-19 07:29:56.443045,success
2026-07-19 09:30:23.168666,success
2026-07-19 10:58:03.189171,success
2026-07-19 12:04:08.304564,success
2026-07-19 14:04:00.213881,success
2026-07-19 15:32:43.029775,success
2026-07-19 17:03:33.544784,success
2026-07-19 18:30:23.482427,success
2026-07-19 19:47:08.680468,success
2026-07-19 20:57:15.011127,success
2026-07-19 22:00:23.913791,success
2026-07-19 23:03:49.292159,success
2026-07-20 01:06:54.766095,success
2026-07-20 05:09:05.153844,success
2026-07-20 08:26:16.102806,success
2026-07-20 11:24:12.941519,success
2026-07-20 13:28:14.475352,success
2026-07-20 15:31:36.952708,success
2026-07-20 18:09:47.504534,success
2026-07-20 20:08:12.062164,success
2026-07-20 21:45:23.548417,success
2026-07-20 23:04:51.531612,success
2026-07-21 01:01:03.730690,success
2026-07-21 04:25:32.497915,success
2026-07-21 07:11:48.076174,success
2026-07-21 10:04:30.977388,success
2026-07-21 12:10:09.604300,success
2026-07-21 14:36:18.047050,success
2026-07-21 16:26:44.321369,success
2026-07-21 17:55:10.930842,success
2026-07-21 19:39:02.771770,success
2026-07-21 21:16:04.619842,success
2026-07-21 22:28:51.692281,success
2026-07-21 23:32:53.450025,success
2026-07-22 03:16:01.368335,success
2026-07-22 06:12:09.385760,success
2026-07-22 09:10:51.409659,success
2026-07-22 11:26:41.741056,success
2026-07-22 13:04:42.067448,success
2026-07-22 15:21:10.456500,success
2026-07-22 16:58:05.654003,success
