timestamp,price,price_eur,change_24h
2026-05-04 23:27:12.073204,68313,68313,1.8988738821829498
2026-05-04 23:34:14.424997,68284,68284,1.857746035167222
2026-05-05 00:04:33.683767,68340,68340,2.121419000741922
2026-05-05 02:31:10.103305,68821,68821,1.190517473216347
2026-05-05 02:37:09.408947,68835,68835,1.0343383438610279
2026-05-05 02:53:40.883553,68937,68937,0.7630237780287626
2026-05-05 03:58:25.828721,69182,69182,1.1805704149487788
2026-05-05 06:26:57.987101,69188,69188,1.9932553917020701
2026-05-05 08:35:33.425604,69100,69100,1.5753310978253232
2026-05-05 10:51:23.188926,69121,69121,2.462918101132958
2026-05-05 12:07:49.311597,69295,69295,2.941472689128244
2026-05-05 12:36:59.362803,69456,69456,3.041537066857085
2026-05-05 16:35:26.627725,69457,69457,1.1751294004261654
2026-05-05 18:05:56.665486,69492,69492,1.160997661171342
2026-05-05 19:59:21.657158,69777,69777,1.9501914087339811
2026-05-05 21:12:42.491136,69827,69827,1.9341839361080675
2026-05-05 22:33:10.494402,69590,69590,1.4548171747872198
2026-05-05 22:40:57.066043,69299,69299,1.1163880088373415
2026-05-05 23:55:33.439700,69053,69053,1.1430085339394693
2026-05-06 03:41:29.565330,69631,69631,0.5720612629044353
2026-05-06 06:35:53.818364,69353,69353,0.2571496082495339
2026-05-06 09:29:42.789049,69456,69456,0.6499614938955635
2026-05-06 11:28:13.771992,70178,70178,1.3735485240458885
2026-05-06 13:18:51.547216,69846,69846,0.27093824739119365
2026-05-06 15:43:50.487364,69347,69347,-0.4693824737755843
2026-05-06 17:47:08.952849,69379,69379,-0.16160784097064854
2026-05-06 19:54:58.845304,69332,69332,-0.604496448579471
2026-05-06 21:16:42.885747,69258,69258,-0.7180681039733783
2026-05-06 22:27:03.924862,69160,69160,-0.755029326390061
2026-05-06 23:30:05.686885,69249,69249,0.2968630582741622
2026-05-07 01:20:29.046367,68944,68944,-0.6136609807215896
2026-05-07 05:00:52.948621,68881,68881,-0.5119323728955455
2026-05-07 07:51:01.354941,69298,69298,-0.06154757934904203
2026-05-07 10:31:12.352329,68467,68467,-1.9379748887700887
2026-05-07 12:21:06.601539,68832,68832,-1.6253433038190004
2026-05-07 15:16:21.014270,68092,68092,-2.0028665101261987
2026-05-07 17:19:36.269462,67830,67830,-2.109461264844719
2026-05-07 19:20:25.864735,68160,68160,-1.4021851966236891
2026-05-07 20:50:05.627729,68173,68173,-1.52458551838771
2026-05-07 22:06:55.040561,67929,67929,-1.9200721537905867
2026-05-07 23:29:51.865987,68185,68185,-1.5470819715156756
2026-05-08 01:21:36.794631,67975,67975,-1.4365880855333433
2026-05-08 04:41:17.996425,67865,67865,-1.365606319067906
2026-05-08 06:55:47.991540,67665,67665,-2.3502310352023237
2026-05-08 08:25:15.845881,67849,67849,-1.866973593828488
2026-05-08 10:06:25.521843,67960,67960,-1.1665316912877415
2026-05-08 11:56:02.439302,68190,68190,-0.7761950330294884
2026-05-08 14:03:31.524887,67673,67673,-1.0517946863346055
2026-05-08 16:00:56.116053,68027,68027,0.14541688355854737
2026-05-08 17:42:59.718451,68037,68037,0.039045471325894
2026-05-08 19:27:44.304057,67920,67920,-0.2890008473019679
2026-05-08 20:36:49.554663,68079,68079,-0.14831813903318508
2026-05-08 22:03:22.300664,68071,68071,0.17546065438212094
2026-05-08 23:31:33.250499,67991,67991,-0.23126977706768656
2026-05-09 03:35:23.907792,68157,68157,0.45627969049073963
2026-05-09 06:22:17.897655,68109,68109,0.48640377104464055
2026-05-09 08:18:44.387912,68195,68195,0.4641588688820571
2026-05-09 09:54:16.521191,68042,68042,0.2928932257574971
2026-05-09 11:02:10.194398,68075,68075,-0.1393767782591495
2026-05-09 12:12:14.689142,68118,68118,-0.1138373046134812
2026-05-09 14:00:38.646118,68181,68181,0.6753651272246101
2026-05-09 15:06:35.536846,68142,68142,0.27000015636693214
2026-05-09 16:30:12.697754,68436,68436,0.8007171987074025
2026-05-09 17:33:11.405048,68572,68572,0.705830854317504
2026-05-09 19:12:08.966354,68599,68599,0.979125300700121
2026-05-09 20:10:23.532368,68595,68595,0.833671249739941
2026-05-09 21:12:51.591209,68574,68574,0.9162642605482274
2026-05-09 22:10:19.019140,68494,68494,0.6014641299414532
2026-05-09 23:26:55.022125,68436,68436,0.6323475630608999
2026-05-10 01:22:47.914539,68380,68380,0.4856592119584951
2026-05-10 05:07:12.079363,68480,68480,0.5124193345754465
2026-05-10 07:40:44.439287,68507,68507,0.7006614187329858
2026-05-10 09:43:20.843166,68502,68502,0.6517837446240814
2026-05-10 11:04:07.034289,68620,68620,0.7743473238466616
2026-05-10 12:10:56.492746,68470,68470,0.515530854894336
2026-05-10 14:02:26.548539,68589,68589,0.6173253537418225
2026-05-10 15:32:59.229466,68603,68603,0.5452267337457747
2026-05-10 17:02:38.321561,68935,68935,0.7871975907301517
2026-05-10 18:33:23.360393,68943,68943,0.3092899801757908
2026-05-10 20:01:58.366534,69086,69086,0.6973320979550209
2026-05-10 21:25:54.068987,68735,68735,0.29976602598487695
2026-05-10 22:13:11.593165,69164,69164,1.0022179511841915
2026-05-10 23:29:44.786477,69923,69923,2.1968163029422674
2026-05-11 01:27:37.544678,69409,69409,1.5409468491658176
2026-05-11 05:40:18.699981,68792,68792,0.46262317069811043
2026-05-11 09:52:22.944591,68765,68765,0.3820922627216591
2026-05-11 12:43:29.852715,68962,68962,0.5981558388656567
2026-05-11 16:06:16.049439,69037,69037,0.08774014876952978
2026-05-11 18:19:35.602256,69525,69525,0.8528915819426947
2026-05-11 20:19:46.428409,69535,69535,0.9493946664451999
2026-05-11 21:51:17.484087,69350,69350,1.0126897717213983
2026-05-11 23:00:26.844983,69427,69427,-0.42454946443347474
2026-05-12 00:08:21.583275,69360,69360,-0.47813387563251897
2026-05-12 04:25:40.630860,69019,69019,0.504143585912614
2026-05-12 07:25:12.559209,68957,68957,0.4881149827037076
2026-05-12 10:06:57.200675,68751,68751,-0.1336076836510811
2026-05-12 12:26:50.511115,68811,68811,-0.3065813148167056
2026-05-12 15:25:20.112245,68530,68530,-0.3052649586178081
2026-05-12 17:35:16.599137,68572,68572,-1.0558255699294712
2026-05-12 20:01:59.734375,68835,68835,-1.0989960992324672
2026-05-12 21:51:39.970807,68575,68575,-1.1951602634488012
2026-05-12 23:07:36.030099,68702,68702,-0.9231895816977134
2026-05-13 01:25:02.315147,69092,69092,-0.009208045345848561
2026-05-13 05:29:01.629439,69109,69109,-0.02454597188397535
2026-05-13 08:19:11.578289,69206,69206,0.5800543847738341
2026-05-13 11:10:58.633335,68839,68839,0.32933818324163666
2026-05-13 13:38:15.824141,68370,68370,-0.4715802205663451
2026-05-13 16:25:03.563105,67398,67398,-1.4839595366635157
2026-05-13 18:26:08.744779,68118,68118,-0.6895362811825645
2026-05-13 20:20:21.635460,68015,68015,-1.1406539127799125
2026-05-13 21:55:23.572900,67838,67838,-1.0826549457831673
2026-05-13 23:10:56.478077,67734,67734,-1.3409005239732457
2026-05-14 01:28:15.440027,67922,67922,-1.6512244856857088
2026-05-14 05:29:24.569105,67864,67864,-1.7925646553850454
2026-05-14 08:13:18.501350,68162,68162,-1.4332982068105473
2026-05-14 10:59:22.585005,67951,67951,-1.4899933461880983
2026-05-14 13:01:44.144818,68149,68149,-0.5896676117872769
2026-05-14 15:43:07.678767,69280,69280,2.3899343036695626
2026-05-14 17:58:54.021474,69978,69978,3.073234352409689
2026-05-14 19:58:34.137898,69750,69750,2.6506546021084434
2026-05-14 21:18:55.691221,69683,69683,2.8475156411368734
2026-05-14 22:38:21.685528,69817,69817,3.2374243664900915
2026-05-15 00:02:01.631031,69519,69519,2.642685737568815
2026-05-15 04:36:30.743289,69469,69469,2.597677734727
2026-05-15 10:35:15.617509,69215,69215,1.835767642982791
2026-05-15 12:58:54.713855,69099,69099,1.3940684800800611
2026-05-15 15:24:29.882948,68216,68216,-1.68673798588793
2026-05-15 17:11:56.511798,68137,68137,-2.7292775515236536
2026-05-15 19:07:17.534027,68057,68057,-2.643183506076647
2026-05-15 20:42:26.548902,68042,68042,-2.243853668072698
2026-05-15 22:04:05.395911,67953,67953,-2.5331370116438974
2026-05-15 23:30:25.299654,68029,68029,-2.4333304300364045
2026-05-16 01:20:24.364963,68041,68041,-2.639557569235135
2026-05-16 04:57:22.633298,67928,67928,-2.0453388066639895
2026-05-16 07:22:04.285529,67337,67337,-3.0596713912077655
2026-05-16 09:13:29.968270,67375,67375,-2.8047667792671556
2026-05-16 10:47:14.907228,66960,66960,-3.329662863890137
2026-05-16 11:56:52.617521,67130,67130,-3.120363947762742
2026-05-16 13:48:06.198648,66968,66968,-1.5653221465031195
2026-05-16 15:02:15.022190,67180,67180,-1.215630867800425
2026-05-16 16:30:29.615853,67311,67311,-1.1826210294729558
2026-05-16 17:34:34.613819,67291,67291,-1.4354912760492684
2026-05-16 19:13:56.109055,67257,67257,-1.1274893012865264
2026-05-16 20:12:57.524059,67312,67312,-1.1078188426234974
2026-05-16 21:26:27.099094,67282,67282,-1.140821722855532
2026-05-16 22:24:47.684677,67287,67287,-1.048662783393581
2026-05-16 23:29:42.248335,67255,67255,-1.1387539549054713
2026-05-17 01:27:57.634845,67044,67044,-1.381709305203195
2026-05-17 05:31:47.329538,67204,67204,-1.1167019810111503
2026-05-17 08:28:17.686372,67129,67129,-0.40726394660036264
2026-05-17 10:10:58.753972,67359,67359,0.585850995245062
2026-05-17 11:40:41.865878,67365,67365,0.25908254265317077
2026-05-17 13:43:40.212620,67286,67286,0.4868533032290006
2026-05-17 15:02:30.075776,67074,67074,-0.22993255334995064
2026-05-17 16:31:53.533518,67171,67171,-0.1795757138233728
2026-05-17 18:02:09.222753,67126,67126,-0.17950049402062418
2026-05-17 19:46:07.908645,67402,67402,0.1476670181920832
2026-05-17 21:00:56.256595,67304,67304,0.023247722517865048
2026-05-17 22:04:07.170337,67232,67232,-0.015453946515023144
2026-05-17 23:32:23.511586,66905,66905,-0.534765896932807
2026-05-18 04:10:18.421192,66166,66166,-1.3837862164336925
2026-05-18 08:33:03.394642,66093,66093,-1.523536312082382
2026-05-18 12:39:09.537519,66516,66516,-1.4093284159846524
2026-05-18 16:30:22.905062,65419,65419,-2.6029986235359166
2026-05-18 18:21:52.683997,65508,65508,-2.36656460288101
2026-05-18 20:16:30.026381,66048,66048,-1.9181963542226363
2026-05-18 21:48:36.947895,66013,66013,-2.134419643934854
2026-05-18 23:09:12.877453,66113,66113,-1.200158192876246
2026-05-19 01:31:40.382243,65848,65848,-0.4850659243489506
2026-05-19 06:14:29.636330,66071,66071,0.12067659875943267
2026-05-19 10:25:26.316675,65998,65998,0.09125574231664173
2026-05-19 13:42:58.241192,66146,66146,0.1033289980951416
2026-05-19 16:52:48.312670,66112,66112,0.8774763584971077
2026-05-19 19:06:22.697255,66184,66184,0.7437979495213417
2026-05-19 21:03:28.413524,66297,66297,0.6033831530692819
2026-05-19 22:46:47.982156,66071,66071,0.11671941713828633
2026-05-20 00:12:54.875797,66041,66041,-0.1700605979822355
2026-05-20 04:48:56.216144,66131,66131,0.17128373252825385
2026-05-20 08:30:25.939884,66602,66602,0.5902307177571539
2026-05-20 11:32:06.012603,66710,66710,0.9084468841650619
2026-05-20 15:37:05.130293,66666,66666,1.0436739851219536
2026-05-20 18:23:55.077899,66663,66663,0.8598427022741748
2026-05-20 20:36:08.664214,66702,66702,0.7077340172127474
2026-05-20 22:26:58.104037,66460,66460,0.7243404946665638
2026-05-20 23:50:38.859202,66636,66636,0.7387817606461882
2026-05-21 04:14:02.366691,67057,67057,1.438838689175021
2026-05-21 08:09:52.528466,67118,67118,0.8064453952022981
2026-05-21 11:49:49.003185,66490,66490,-0.2237283824501896
2026-05-21 15:40:45.234196,66507,66507,0.008021168138671243
2026-05-21 18:05:11.203374,66848,66848,0.256653779222973
2026-05-21 20:22:38.366774,66833,66833,0.2707404242850466
2026-05-21 22:00:43.622778,66777,66777,0.2476015187939954
2026-05-21 23:14:09.163767,66792,66792,0.38023815670086825
2026-05-22 01:31:39.866552,66637,66637,-0.35282641025654865
2026-05-22 06:14:13.835951,66644,66644,-0.2698078794008325
2026-05-22 09:58:41.564896,66565,66565,-0.24485096539349763
2026-05-22 12:31:05.119442,66690,66690,0.247376229861701
2026-05-22 15:39:17.026550,66216,66216,-0.43338249996692396
2026-05-22 17:58:45.566002,66053,66053,-1.3729069401787557
2026-05-22 20:02:44.240279,65311,65311,-2.2177878865633445
2026-05-22 21:44:53.202074,65404,65404,-2.123318981119829
2026-05-22 23:08:00.860502,65231,65231,-2.3679731919815623
2026-05-23 01:24:44.933606,64940,64940,-2.552311737649738
2026-05-23 05:07:33.263545,65001,65001,-2.716812733229262
2026-05-23 07:56:27.045099,64175,64175,-3.6744525070394913
2026-05-23 10:00:27.011472,64282,64282,-3.4014806387642538
2026-05-23 11:22:47.289246,64406,64406,-3.215129514627255
2026-05-23 12:13:33.662506,64346,64346,-3.6447618610406916
2026-05-23 14:11:04.507986,64754,64754,-2.4642501533584804
2026-05-23 15:44:56.656078,65003,65003,-1.577575827502486
2026-05-23 17:07:56.897600,64951,64951,-1.8561797041628851
2026-05-23 18:35:36.241191,65353,65353,-1.0366495611707323
2026-05-23 20:09:30.954685,65383,65383,0.007187253142009169
2026-05-23 21:28:31.968620,66200,66200,1.2081416150980162
2026-05-23 22:29:52.355466,65929,65929,1.0997758232142645
2026-05-23 23:35:49.346336,66036,66036,1.3719101866715913
2026-05-24 04:07:37.765305,66120,66120,1.6003168007837052
2026-05-24 07:38:38.555410,66165,66165,2.0314651621420485
2026-05-24 10:00:47.229758,66295,66295,3.1232753811084084
2026-05-24 11:36:34.294055,66545,66545,3.3509097180407768
2026-05-24 13:47:34.974368,66255,66255,2.5593241922775154
2026-05-24 15:10:13.561683,65817,65817,1.100145321158003
2026-05-24 16:34:34.039579,65909,65909,1.4205262724023064
2026-05-24 18:01:53.400519,66017,66017,1.6035575247950506
2026-05-24 19:47:52.386727,65808,65808,0.6994022493196697
2026-05-24 21:03:38.165496,65778,65778,-0.8051996601143726
2026-05-24 22:31:44.412471,65989,65989,0.12092973820042507
2026-05-25 00:05:58.519181,66209,66209,0.3124594491750626
2026-05-25 05:07:57.329354,66338,66338,0.42486656284296326
2026-05-25 09:13:23.742419,66477,66477,0.43492016270432043
2026-05-25 12:50:41.409592,66298,66298,-0.10218066600113998
2026-05-25 15:55:38.311333,66589,66589,1.3007908704358018
2026-05-25 17:49:04.333590,66564,66564,0.8415561331525094
2026-05-25 19:49:26.268803,66430,66430,0.912108159774524
2026-05-25 21:16:23.353738,66387,66387,0.8640543661927416
2026-05-25 22:36:32.418977,66206,66206,0.5668249435323541
2026-05-26 00:11:38.665861,66305,66305,0.11522474890393358
2026-05-26 04:46:31.116323,65919,65919,-0.5827523372696283
2026-05-26 08:36:28.899434,65899,65899,-0.6740833124773491
2026-05-26 16:27:37.475585,65720,65720,-1.2952008885329664
2026-05-26 19:03:34.005544,65117,65117,-2.1508740304296037
2026-05-26 21:13:01.754189,65246,65246,-1.7177870076906225
2026-05-26 22:51:16.304894,64990,64990,-1.9258726711235674
2026-05-27 00:13:57.042961,65178,65178,-1.7170815453733022
2026-05-27 04:57:59.810605,64834,64834,-1.653197432035909
2026-05-27 08:46:05.933701,65146,65146,-1.197483681744849
2026-05-27 12:25:19.445120,65124,65124,-1.5191801340644284
2026-05-27 16:25:25.865273,64449,64449,-1.905593297734654
2026-05-27 18:39:59.039293,64335,64335,-1.5260876280258815
2026-05-27 21:04:41.105254,64596,64596,-1.1252555458908065
2026-05-27 22:58:37.704363,63981,63981,-1.5973735738815098
2026-05-28 00:08:35.390438,64047,64047,-1.7474588050200053
2026-05-28 04:52:12.090570,62997,62997,-2.803918785958357
2026-05-28 08:47:23.833112,63017,63017,-3.253458797298018
2026-05-28 12:34:52.647680,63107,63107,-2.9474926245111535
2026-05-28 16:58:01.736159,62874,62874,-2.728278356927631
2026-05-28 19:41:26.770966,62948,62948,-2.1990279344569683
2026-05-28 22:00:34.841121,63285,63285,-1.0001876053524141
2026-05-28 23:38:38.816994,63125,63125,-1.114503178441901
2026-05-29 04:09:14.724876,62901,62901,-0.22655017058614887
2026-05-29 08:26:08.045547,63333,63333,0.5487114283346367
2026-05-29 11:49:11.579481,63035,63035,-0.21896190825069975
2026-05-29 15:54:21.927136,63069,63069,0.946845943864269
2026-05-29 18:41:27.873971,63188,63188,0.13986908717914154
2026-05-29 21:11:07.536098,63131,63131,-0.002358361341918821
2026-05-29 22:52:51.959435,62905,62905,-0.18062676375286843
2026-05-30 00:13:32.134435,62950,62950,-0.3723148131185202
2026-05-30 04:36:09.741834,62747,62747,-0.43521002680146126
2026-05-30 07:44:12.290363,62948,62948,-0.08470175388710725
2026-05-30 10:05:40.854838,63026,63026,-0.30637133681864537
2026-05-30 11:54:46.463665,63011,63011,0.09365465309488506
2026-05-30 13:51:37.066017,63148,63148,0.7668014324364462
2026-05-30 15:14:34.255352,63308,63308,0.4293598870151255
2026-05-30 16:35:36.451258,63298,63298,-0.01728575564251221
2026-05-30 18:05:44.562159,63376,63376,0.0020381195184827647
2026-05-30 19:50:50.252713,63403,63403,0.5936668994551909
2026-05-30 21:06:13.180912,63334,63334,0.3154037736572021
2026-05-30 22:33:00.726217,63264,63264,0.451381731790814
2026-05-31 00:06:03.690461,63240,63240,0.4683070323113114
2026-05-31 05:06:08.688003,63507,63507,0.857027044449334
2026-05-31 08:28:00.155153,63331,63331,0.5329139779214568
2026-05-31 10:33:35.236164,63200,63200,0.23341001654241994
2026-05-31 12:15:13.189885,63275,63275,0.41768096091422124
2026-05-31 14:19:34.575639,63106,63106,-0.3571361644659697
2026-05-31 15:51:21.123242,63065,63065,-0.38981011860184134
2026-05-31 17:14:16.901382,62931,62931,-0.5314130968491894
2026-05-31 18:46:51.361911,63056,63056,-0.539109081437013
2026-05-31 20:15:53.996278,63108,63108,-0.3484434608989406
2026-05-31 21:34:15.807174,63082,63082,-0.4179402603363355
2026-05-31 23:06:06.139098,63479,63479,0.24796408600940237
2026-06-01 01:41:24.122392,63133,63133,-0.4811657577244952
2026-06-01 07:06:57.509832,62633,62633,-1.139470487996605
2026-06-01 13:14:26.951616,61660,61660,-2.6188567070343525
2026-06-01 19:10:03.386091,61351,61351,-2.6426667110807256
2026-06-01 22:23:05.789562,61088,61088,-3.4747936240104838
2026-06-01 23:53:37.036240,61378,61378,-2.8201340535600643
2026-06-02 04:28:19.881786,60868,60868,-3.336088302100811
2026-06-02 08:54:56.578863,59848,59848,-4.059672693386742
2026-06-02 12:47:52.173817,59326,59326,-4.120272810580702
2026-06-02 17:28:31.474626,58180,58180,-5.3370790188276525
2026-06-02 20:29:16.350948,57505,57505,-6.441805680573141
2026-06-02 22:37:45.100922,57583,57583,-5.677730316283633
2026-06-03 01:43:53.412200,57205,57205,-6.114473810326833
2026-06-03 06:59:24.070647,57597,57597,-4.148921147476827
2026-06-03 12:02:57.392434,57583,57583,-3.3615958571008804
2026-06-03 17:29:19.178932,56760,56760,-2.4514657851043267
2026-06-03 20:40:56.038193,56261,56261,-2.5748094310112895
2026-06-03 23:08:16.524497,55628,55628,-2.7531243070009515
2026-06-04 02:08:13.053208,53364,53364,-6.990022941364183
2026-06-04 07:08:08.000968,54955,54955,-4.636422096911173
2026-06-04 10:49:34.389752,53667,53667,-7.114715433980563
2026-06-04 14:07:55.126803,55136,55136,-4.09854912247859
2026-06-04 17:31:29.290714,54356,54356,-4.494061278367394
2026-06-04 20:12:08.782338,54497,54497,-3.4901369535369375
2026-06-04 22:06:40.450087,54511,54511,-3.398040972856254
2026-06-04 23:47:12.759312,54829,54829,-0.8615114283558708
2026-06-05 04:16:12.192174,54046,54046,-2.7842136418410863
2026-06-05 08:31:10.257761,53920,53920,-1.2647205906468733
2026-06-05 11:46:02.863697,53378,53378,-0.3785861222083542
2026-06-05 15:16:46.740841,52439,52439,-4.874210391862639
2026-06-05 17:29:37.225936,52656,52656,-3.1343884619185336
2026-06-05 19:21:59.640297,51401,51401,-6.571160991403503
2026-06-05 21:09:51.721980,53633,53633,-2.2887305300990963
2026-06-05 22:44:52.911049,53619,53619,-1.810226065214606
2026-06-06 00:13:32.603151,53253,53253,-2.8140381234283955
2026-06-06 04:38:59.197534,51799,51799,-4.585838513674157
2026-06-06 07:49:34.273473,52947,52947,-1.9992456113139712
2026-06-06 10:10:38.647176,52690,52690,-2.202851308391342
2026-06-06 11:56:46.988433,52827,52827,-0.7651787308309835
2026-06-06 14:00:13.746071,52743,52743,0.5039396983766248
2026-06-06 15:23:43.805522,52540,52540,-0.28217771469425434
2026-06-06 16:42:34.614489,52633,52633,-0.2441066840142684
2026-06-06 18:12:06.116535,52479,52479,-0.36546640516324214
2026-06-06 19:55:38.580019,52579,52579,0.47767531069506053
2026-06-06 21:10:22.786079,52676,52676,-1.7410271609692969
2026-06-06 22:38:34.392801,52530,52530,-1.8977814166038047
2026-06-07 00:10:17.851701,52774,52774,-0.9578042756438448
2026-06-07 05:09:48.097833,53630,53630,3.06777636594908
2026-06-07 08:37:26.836459,54224,54224,1.9019718800379126
2026-06-07 11:12:32.251617,54216,54216,3.093789111984256
2026-06-07 13:06:40.241687,53614,53614,1.337797176165565
2026-06-07 15:12:52.246640,53603,53603,1.9387672408209151
2026-06-07 16:54:23.742543,53974,53974,2.3092379456957226
2026-06-07 18:09:17.755431,53968,53968,2.871419059693172
2026-06-07 19:56:54.182156,53255,53255,1.2779766930115857
2026-06-07 21:20:40.297177,53735,53735,1.8136660712152899
2026-06-07 22:39:41.716748,54974,54974,4.621395155922402
2026-06-08 00:15:47.399408,54838,54838,3.94242556075642
2026-06-08 05:15:34.186936,54217,54217,0.9741368773000034
2026-06-08 10:06:46.327647,55086,55086,1.73853244383967
2026-06-08 14:36:52.180741,55323,55323,2.530903602824089
2026-06-08 18:00:23.586873,55006,55006,1.9902468997049314
2026-06-08 20:30:21.784897,54824,54824,2.209997743460487
2026-06-08 22:13:31.643005,54988,54988,1.2373162254150352
2026-06-08 23:48:40.958296,54672,54672,-0.620656049723116
2026-06-09 04:01:45.011557,54474,54474,-0.2958220546133798
2026-06-09 08:08:25.720583,54567,54567,-0.3814048327751278
2026-06-09 11:41:43.160875,54046,54046,-2.000655414807443
2026-06-09 15:17:17.824917,53289,53289,-3.90587004858942
2026-06-09 17:34:47.772633,53472,53472,-2.654497543590175
2026-06-09 20:13:32.259472,53755,53755,-1.965086663534032
2026-06-09 22:08:41.470145,53438,53438,-2.8810645740547285
2026-06-09 23:53:23.819836,53385,53385,-2.3250192015556754
2026-06-10 04:13:10.776230,53206,53206,-2.4099777728911653
2026-06-10 08:32:41.155671,53228,53228,-2.2871379823781837
2026-06-10 12:28:00.605247,52903,52903,-2.2564479167557763
2026-06-10 16:24:24.020866,53897,53897,2.014114889109112
2026-06-10 19:14:38.815446,53477,53477,-0.018834251333481947
2026-06-10 21:37:04.698070,53410,53410,-0.35254560587700573
2026-06-10 23:40:01.479324,53310,53310,-0.08179096672881814
2026-06-11 04:25:44.582128,54180,54180,1.8537807136079993
2026-06-11 09:02:02.164045,54514,54514,2.9360789251074944
2026-06-11 13:02:33.197982,54497,54497,2.3876390774820764
2026-06-11 17:07:42.960200,54246,54246,0.848983540510116
2026-06-11 19:59:09.765320,54911,54911,2.332091941752663
2026-06-11 22:09:08.464977,54884,54884,3.3878943652870537
2026-06-12 00:05:15.130391,54861,54861,2.9604352681949835
2026-06-12 05:20:42.770559,54823,54823,1.145690677079476
2026-06-12 09:44:46.117358,55042,55042,1.014881369949215
2026-06-12 12:58:23.110229,54811,54811,0.4417265932823634
2026-06-12 16:26:31.430778,55130,55130,1.4247405293384146
2026-06-12 18:25:35.887848,55004,55004,0.3492891013029982
2026-06-12 20:37:38.526828,54889,54889,0.4554516239293846
2026-06-12 22:29:08.479273,54932,54932,0.10247313516463549
2026-06-13 00:04:42.866789,54909,54909,0.08820865044321564
2026-06-13 05:06:57.333371,54862,54862,-0.023846840656275375
2026-06-13 08:39:04.010577,55172,55172,0.7769603140912155
2026-06-13 11:20:30.314495,55242,55242,0.27851241209330124
2026-06-13 13:07:29.235917,55412,55412,1.0903676744154407
2026-06-13 15:18:53.592608,55544,55544,0.06498596831808856
2026-06-13 16:58:01.340717,55291,55291,0.12411249155247553
2026-06-13 18:18:46.793278,55363,55363,0.5905054624845341
2026-06-13 20:04:26.939507,55532,55532,1.011649501419591
2026-06-13 21:47:58.216163,55756,55756,1.7010402347427307
2026-06-13 23:12:00.233214,55682,55682,1.6011783157212622
2026-06-14 01:57:05.905545,55831,55831,1.3182133939510252
2026-06-14 06:49:19.966844,55523,55523,0.9136416372863092
2026-06-14 10:28:50.764051,55810,55810,1.29113554806811
2026-06-14 12:26:14.210356,55720,55720,0.8412354007929331
2026-06-14 14:55:39.126998,55248,55248,-0.4132831700950753
2026-06-14 16:27:43.770595,55432,55432,0.20918624080908094
2026-06-14 18:00:48.501657,55057,55057,-0.4278427850486548
2026-06-14 19:53:04.342182,55063,55063,-0.8919955549445796
2026-06-14 21:19:16.790253,55605,55605,0.15977387234408386
2026-06-14 22:44:52.500207,56310,56310,1.035598764862363
2026-06-15 00:19:04.231698,56612,56612,1.7417077266258896
2026-06-15 05:40:35.024744,56534,56534,1.6279544756980018
2026-06-15 12:28:01.681124,57074,57074,2.469043645773358
2026-06-15 17:34:30.206314,57500,57500,4.094936422390471
2026-06-15 21:11:45.933287,57302,57302,3.6000078902806596
2026-06-15 23:19:38.525385,57126,57126,1.1416734857431563
2026-06-16 02:10:40.062134,57226,57226,1.1767922668872928
2026-06-16 08:30:06.642458,57331,57331,1.426122671764906
2026-06-16 13:16:50.106910,57020,57020,-0.7608672399424676
2026-06-16 18:18:54.845365,56867,56867,-1.2211341811901035
2026-06-16 21:28:50.836681,56558,56558,-1.2960474907400648
2026-06-16 23:07:36.036247,56623,56623,-0.870386681511003
2026-06-17 02:04:12.590204,56714,56714,-0.8972412920332663
2026-06-17 07:36:32.491593,56427,56427,-1.4115517921842173
2026-06-17 12:22:02.319405,55838,55838,-2.709646606079189
2026-06-17 16:25:08.082053,56816,56816,0.40582345328491487
2026-06-17 19:08:15.155111,56720,56720,0.29764160615205626
2026-06-17 21:30:37.903413,55836,55836,-1.2761399168915544
2026-06-17 23:05:43.858089,55923,55923,-1.2295078832296533
2026-06-18 02:02:44.146773,56033,56033,-1.1752161197183384
2026-06-18 07:17:33.152762,55649,55649,-1.4703656836654668
2026-06-18 11:37:02.700860,55811,55811,-0.02674199902664916
2026-06-18 15:38:38.397976,54896,54896,-2.7079620630493566
2026-06-18 18:29:29.228494,54825,54825,-3.0508764785306326
2026-06-18 21:06:50.989128,54978,54978,-1.653029214031172
2026-06-18 23:19:55.955164,54744,54744,-2.143643535630355
2026-06-19 02:20:08.155868,54953,54953,-1.860271112124303
2026-06-19 07:41:18.618611,54585,54585,-2.41217906036036
2026-06-19 12:13:31.567070,54579,54579,-2.1685819005258793
2026-06-19 15:50:19.380714,55123,55123,0.9115665249705461
2026-06-19 18:03:30.454893,54992,54992,0.7941190488861183
2026-06-19 20:17:27.098665,54898,54898,-0.25052252650898177
2026-06-19 21:46:48.559200,54933,54933,0.15433708338142993
2026-06-19 23:03:42.833374,55105,55105,0.5379611791348641
2026-06-20 01:37:16.517454,55340,55340,0.9034084628036774
2026-06-20 06:27:52.500252,55433,55433,1.0084743599562456
2026-06-20 09:51:43.639298,55429,55429,1.9391294629055773
2026-06-20 12:01:57.408754,55458,55458,1.5261350435041197
2026-06-20 14:43:02.858829,55222,55222,0.07743310597699671
2026-06-20 16:24:26.043550,55777,55777,1.0964792273632942
2026-06-20 17:56:23.903108,55588,55588,1.0111261727263794
2026-06-20 19:47:00.605986,55674,55674,1.452777218977258
2026-06-20 21:23:21.255984,55686,55686,1.193579135461204
2026-06-20 22:45:09.975140,55941,55941,1.5125172547442307
2026-06-21 00:14:13.501251,55948,55948,1.242220628852215
2026-06-21 05:27:26.791160,55965,55965,0.9924752997248265
2026-06-21 09:10:23.747210,55704,55704,0.771988989581879
2026-06-21 12:00:51.098607,55853,55853,0.697077994657011
2026-06-21 14:30:53.148967,55759,55759,0.9705873255545264
2026-06-21 16:17:55.986383,55867,55867,0.20919303330724304
2026-06-21 18:07:54.146335,55706,55706,0.21854820295625388
2026-06-21 20:14:12.364045,55889,55889,0.3374006642332315
2026-06-21 21:57:00.051327,55572,55572,-0.28097556882172053
2026-06-21 23:24:18.182479,55540,55540,-0.7529902288345495
2026-06-22 02:04:27.445126,56247,56247,0.565598372736229
2026-06-22 08:41:20.114670,55932,55932,0.46241404896516036
2026-06-22 14:46:42.154772,56709,56709,1.7123136660004257
2026-06-22 18:51:16.789035,56378,56378,0.9450573516239917
2026-06-22 21:34:09.430887,56194,56194,1.1043720455449428
2026-06-22 23:25:07.236133,55931,55931,0.7846072720291604
2026-06-23 01:32:51.404521,56147,56147,-0.14358259230820278
2026-06-23 06:13:58.040063,55242,55242,-1.3689587289665268
2026-06-23 10:12:19.996735,54671,54671,-2.3529701381004196
2026-06-23 13:23:58.879680,54479,54479,-4.1106982336986855
2026-06-23 16:11:01.536414,55032,55032,-2.725650100295125
2026-06-23 18:23:17.689911,54737,54737,-3.1701368352052643
2026-06-23 20:35:10.624358,54825,54825,-2.6832700568707133
2026-06-23 22:19:08.223802,55083,55083,-1.9620133667990782
2026-06-23 23:37:14.388475,55004,55004,-1.6867694154992179
2026-06-24 04:03:06.237974,55119,55119,-1.5516678102632568
2026-06-24 08:00:19.700898,55083,55083,0.021733274663167837
2026-06-24 11:13:55.934238,54943,54943,0.5225532938998729
2026-06-24 13:38:22.745730,54540,54540,-0.1473887401719561
2026-06-24 16:26:13.252380,53302,53302,-2.9550681746026233
2026-06-24 20:19:31.485581,53405,53405,-2.5399348492398723
2026-06-24 21:55:24.148847,53671,53671,-2.293293696251823
2026-06-24 23:10:15.766226,53570,53570,-2.381887265850346
2026-06-25 01:33:27.478615,53485,53485,-3.463856580633223
2026-06-25 06:14:13.054420,54256,54256,-1.6887895468674166
2026-06-25 09:54:18.218556,54260,54260,-1.6688316489215094
2026-06-25 12:26:39.298980,53898,53898,-2.5579463548698143
2026-06-25 15:26:31.897502,52046,52046,-2.7440965653709
2026-06-25 17:32:57.860958,52293,52293,-0.22296025362924307
2026-06-25 20:09:14.427456,52390,52390,-1.707167841454716
2026-06-25 22:06:17.595719,52794,52794,-1.6605734264100855
2026-06-25 23:54:34.192287,52576,52576,-1.994293596196612
2026-06-26 04:10:56.617051,52659,52659,-1.4486366073590935
2026-06-26 08:09:08.776371,52928,52928,-2.5260322720614425
2026-06-26 11:26:07.080792,52078,52078,-3.473388698922274
2026-06-26 13:32:09.502842,51522,51522,-3.9702862528334903
2026-06-26 16:21:59.033985,52646,52646,0.4786560943841531
2026-06-26 18:11:38.188116,52696,52696,1.0014660362996721
2026-06-26 20:19:30.897253,52406,52406,0.14903529057767068
2026-06-26 21:49:22.105709,52569,52569,-0.028568973017412944
2026-06-26 23:13:13.655307,52655,52655,0.054471844908737244
2026-06-27 01:29:50.503316,52584,52584,0.790054594083845
2026-06-27 05:33:48.972554,52747,52747,0.15366441503711295
2026-06-27 08:43:37.091869,52962,52962,0.38912960738524616
2026-06-27 11:00:50.776713,52962,52962,1.7019940567125513
2026-06-27 12:15:32.457436,52853,52853,1.298961669966307
2026-06-27 14:15:22.816299,53161,53161,1.2862502786846381
2026-06-27 15:50:25.301509,53281,53281,0.8404022195356778
2026-06-27 17:17:46.445519,53049,53049,0.7336709638783661
2026-06-27 18:46:48.128522,53085,53085,1.4831723891712485
2026-06-27 20:12:05.400951,52831,52831,0.8896314215797073
2026-06-27 21:40:01.308647,52919,52919,0.7837603889591606
2026-06-27 23:09:15.667984,52856,52856,0.3586032259635934
2026-06-28 01:35:16.402816,52784,52784,0.43971498464796427
2026-06-28 06:24:57.183485,52538,52538,-0.4645603353372004
2026-06-28 09:43:50.430770,52930,52930,-0.050733374545770565
2026-06-28 11:49:51.498688,52851,52851,-0.10061271389434272
2026-06-28 14:00:15.077335,52671,52671,-0.800603600568817
2026-06-28 15:24:39.089451,52642,52642,-1.1385482148258952
2026-06-28 16:44:22.411324,52357,52357,-1.72671111275008
2026-06-28 18:09:15.197796,52293,52293,-1.4323367510288705
2026-06-28 19:55:55.038860,52107,52107,-1.2148619246897472
2026-06-28 21:09:07.504584,52330,52330,-1.0928391418906596
2026-06-28 22:36:34.662165,51968,51968,-1.584843430143768
2026-06-29 00:13:50.899224,52192,52192,-0.9836638213967217
2026-06-29 05:14:33.210558,52149,52149,-0.8958203528801614
2026-06-29 10:10:41.816881,52695,52695,-0.16010704350957616
2026-06-29 14:35:38.498638,52121,52121,-1.101643673337773
2026-06-29 17:43:36.283236,52875,52875,1.2979408822184477
2026-06-29 20:06:49.942024,52867,52867,1.2319522874914324
2026-06-29 21:54:05.270514,52880,52880,1.543574249745703
2026-06-29 23:03:22.191342,52765,52765,1.8755315414621734
2026-06-30 01:32:20.548032,52519,52519,0.9873346045962886
2026-06-30 06:18:26.393769,52201,52201,-1.1886234079982312
2026-06-30 10:12:14.290587,51997,51997,-1.4070448265104933
2026-06-30 12:30:43.272260,51597,51597,-2.545839396644992
2026-06-30 15:16:53.043445,51056,51056,-1.5978531676615066
2026-06-30 17:25:33.912575,51074,51074,-3.297846525745931
2026-06-30 19:21:16.652939,51268,51268,-2.8589225366153266
2026-06-30 21:16:27.488606,51222,51222,-2.8788012113946735
2026-06-30 22:52:12.864138,51258,51258,-2.908067974325375
2026-07-01 00:13:23.861589,51342,51342,-2.4947269320500074
2026-07-01 05:07:50.809671,51944,51944,-0.34550313567921515
2026-07-01 09:00:47.848834,51651,51651,-0.6604554248611404
2026-07-01 12:16:13.618224,51278,51278,-0.8947359706886686
2026-07-01 15:20:58.735310,52531,52531,2.988298941080444
2026-07-01 17:30:36.781435,52779,52779,3.3308595940812675
2026-07-01 19:22:34.845578,52886,52886,3.2047662834172064
2026-07-01 21:08:51.341392,52883,52883,3.0262833820338826
2026-07-01 22:49:19.705571,53098,53098,3.6222302546902037
2026-07-02 00:14:45.879938,52637,52637,2.5852689094598404
2026-07-02 04:42:47.993781,53321,53321,2.6788098922888115
2026-07-02 08:14:48.615185,52750,52750,2.5452489493656603
2026-07-02 11:10:03.176483,53655,53655,4.34202251833892
2026-07-02 13:19:30.961442,53856,53856,4.337558836300075
2026-07-02 15:42:57.297429,53840,53840,1.8512173380386858
2026-07-02 17:55:33.360361,53918,53918,2.01749031093986
2026-07-02 19:40:07.171346,53799,53799,1.7564957335086757
2026-07-02 21:15:18.368553,53765,53765,1.39248226331888
2026-07-02 22:39:35.144936,53772,53772,1.2229860176367178
2026-07-03 00:11:55.933946,53700,53700,2.005124737562809
2026-07-03 04:27:39.315357,53610,53610,0.45851233075679304
2026-07-03 07:48:10.978961,53918,53918,2.378285739099144
2026-07-03 10:43:19.660959,53963,53963,0.5975624069990937
2026-07-03 13:00:28.602677,54061,54061,0.7603788813565912
2026-07-03 15:20:42.679918,54249,54249,0.8132006094638289
2026-07-03 16:56:19.713335,54219,54219,0.6920025293448749
2026-07-03 18:16:57.790987,54299,54299,0.5866901294530213
2026-07-03 19:59:07.525578,54350,54350,1.1318877863995638
2026-07-03 21:18:35.390692,54748,54748,1.8181562405236174
2026-07-03 22:35:47.908081,54650,54650,1.652448794370976
2026-07-04 00:10:39.332322,54896,54896,2.1724430471572758
2026-07-04 04:21:37.037012,54667,54667,2.0134951910221286
2026-07-04 07:24:56.960691,54649,54649,1.4797231601253653
2026-07-04 09:38:27.097719,54531,54531,1.470652511521402
2026-07-04 11:38:06.903327,54617,54617,1.1301861473959762
2026-07-04 13:45:19.719366,54654,54654,0.7245873293168488
2026-07-04 15:11:06.645676,54790,54790,0.8478556204038128
2026-07-04 16:33:50.938713,54935,54935,1.4090584533953894
2026-07-04 18:06:10.052002,55226,55226,1.7803609653804904
2026-07-04 19:46:46.515318,55329,55329,1.7915790946732635
2026-07-04 21:04:41.387339,55230,55230,0.6417894190796595
2026-07-04 22:30:12.342803,55200,55200,0.9202617510926606
2026-07-04 23:37:40.383471,55164,55164,0.7989050851357056
2026-07-05 03:56:54.444049,54840,54840,0.2515080190390937
2026-07-05 07:34:18.657912,54862,54862,0.4388350486660156
2026-07-05 10:22:30.216580,54790,54790,0.3902837672456891
2026-07-05 11:56:48.983513,54750,54750,0.293726918310882
2026-07-05 13:55:57.416774,54852,54852,0.34587338544421226
2026-07-05 15:17:54.801389,54879,54879,0.06725903253480461
2026-07-05 16:36:33.594594,54732,54732,-0.38600655341368023
2026-07-05 18:09:03.442585,54758,54758,-0.8503397583003306
2026-07-05 19:53:02.404602,54832,54832,-0.8356107262968678
2026-07-05 21:08:14.043449,54735,54735,-0.899676411868792
2026-07-06 00:12:43.110082,55520,55520,0.7799697122970963
2026-07-06 04:54:13.463930,55341,55341,0.8270904002086155
2026-07-06 09:04:20.495131,55020,55020,0.1265792223461783
2026-07-06 13:05:47.863200,53937,53937,-1.6581733733761428
2026-07-06 16:39:53.988311,55672,55672,1.7484850095353672
2026-07-06 18:59:46.546689,55648,55648,1.3999778251344444
2026-07-06 20:57:30.722798,55761,55761,1.7988997684520596
2026-07-06 22:21:05.448839,56216,56216,1.2816798338709154
2026-07-06 23:40:08.073960,56004,56004,0.7015752656197048
2026-07-07 03:54:14.919514,55212,55212,-0.07699166840444424
2026-07-07 07:46:16.367271,55217,55217,0.08297043545787006
2026-07-07 11:13:41.850653,55193,55193,0.43316994957731436
2026-07-07 13:36:41.181730,55181,55181,2.7310676110894145
2026-07-07 16:35:28.448106,55972,55972,0.5951173907134127
2026-07-07 19:06:32.650126,55742,55742,0.22404446536780595
2026-07-07 21:08:33.193442,55870,55870,0.1047814436153287
2026-07-07 22:39:30.603954,55753,55753,-0.5354294614040127
2026-07-08 00:02:42.391601,55532,55532,-0.6949432798447857
2026-07-08 03:56:13.530880,54916,54916,-0.5017349534288335
2026-07-08 06:33:54.881240,54765,54765,-0.9045080464142824
2026-07-08 09:29:24.131446,54225,54225,-1.8530483349975317
2026-07-08 11:25:58.711993,54382,54382,-1.4598831212593664
2026-07-08 13:09:05.828564,54225,54225,-2.0672621217696396
2026-07-08 15:51:33.303324,54080,54080,-3.4791878435008936
2026-07-08 17:43:23.974736,54497,54497,-2.913721756254825
2026-07-08 19:41:32.826389,54426,54426,-2.53869070258387
2026-07-08 21:14:12.996635,54242,54242,-2.8859088757671345
2026-07-08 22:34:44.313028,54505,54505,-2.0278352171562606
2026-07-09 00:16:46.913068,54417,54417,-2.0890443666744845
2026-07-09 04:33:13.230768,54333,54333,-1.250277180624284
2026-07-09 12:11:07.132606,54893,54893,0.48384643209628714
2026-07-09 15:42:50.687588,55027,55027,1.8493085591206735
2026-07-09 18:01:26.257202,55172,55172,1.5508992851475398
2026-07-09 20:22:23.234607,55267,55267,1.5372566127990506
2026-07-09 22:01:35.698718,55314,55314,1.5054106639711364
2026-07-09 23:47:22.486293,55306,55306,1.5329326042628084
2026-07-10 03:49:23.597310,55810,55810,3.0632744482548144
2026-07-10 07:41:44.156906,55848,55848,1.537692259284895
2026-07-10 11:10:19.526617,56305,56305,2.5292649826917364
2026-07-10 13:28:56.213844,56153,56153,2.4575863996992453
2026-07-10 15:59:21.827288,55929,55929,1.8508474121863006
2026-07-10 17:55:38.389878,55886,55886,1.382421607802969
2026-07-10 19:40:12.328758,56052,56052,1.3491975548902782
2026-07-10 21:10:55.756249,55931,55931,1.0439834795675058
2026-07-10 22:33:25.650328,56135,56135,1.4087535226218615
2026-07-11 00:04:02.870200,56129,56129,1.6117627467825513
2026-07-11 03:53:49.128111,56161,56161,0.6630213352873362
2026-07-11 06:18:59.983461,56169,56169,0.5130567988367449
2026-07-11 08:21:17.022062,56216,56216,0.03882958707525134
2026-07-11 10:01:00.305364,56136,56136,-0.2359258452115329
2026-07-11 11:16:31.490544,56170,56170,-0.28035576908809984
2026-07-11 12:31:24.863053,56152,56152,-0.3714399245100872
2026-07-11 14:24:29.369914,56269,56269,0.3814448750685984
2026-07-11 15:32:51.532906,56389,56389,0.6535621383161258
2026-07-11 17:03:31.296372,56178,56178,0.22011585967268754
2026-07-11 18:29:01.484983,56326,56326,0.6374307215353876
2026-07-11 19:46:26.862395,56256,56256,0.4388936363889632
2026-07-11 20:56:56.565938,56357,56357,0.8289463310227076
2026-07-11 21:56:50.626918,56331,56331,0.5749513025303856
2026-07-11 22:57:39.644010,56174,56174,0.12306948846599139
2026-07-12 00:03:22.123111,55933,55933,-0.32070333227289116
2026-07-12 04:08:15.862474,56191,56191,0.17090383976230283
2026-07-12 07:08:37.998685,55850,55850,-0.5602921800500862
2026-07-12 09:28:21.594564,55862,55862,-0.6581998710489939
2026-07-12 10:57:29.887846,55910,55910,-0.42684889192023845
2026-07-12 12:04:49.530876,55973,55973,-0.3544133624876713
2026-07-12 14:06:42.925851,56011,56011,-0.42117426134904423
2026-07-12 15:35:41.547703,56133,56133,-0.4771015205863387
2026-07-12 17:05:05.074663,56113,56113,-0.10793043066445651
2026-07-12 18:29:24.966249,56021,56021,-0.5337935628703955
2026-07-12 19:43:53.750126,56222,56222,-0.05998785687648185
2026-07-12 20:57:38.404771,56274,56274,-0.15449611787092576
2026-07-12 21:59:14.259527,56019,56019,-0.5515539852553167
2026-07-12 23:00:44.016047,56042,56042,-0.32741821360835355
2026-07-13 00:06:12.642191,56002,56002,0.2659031459659348
2026-07-13 04:10:41.193342,55059,55059,-1.9872841765193463
2026-07-13 07:49:53.618383,55152,55152,-1.3403421316150002
2026-07-13 11:18:54.176698,55130,55130,-1.434458154312326
2026-07-13 13:40:50.138129,54756,54756,-2.248047642685491
2026-07-13 16:38:34.440248,54611,54611,-2.60539241349221
2026-07-13 18:46:58.760127,54389,54389,-3.049441468265334
2026-07-13 20:19:49.201704,54528,54528,-3.0926975841302604
2026-07-13 21:30:47.248095,54428,54428,-3.0402996572179717
2026-07-13 22:33:02.109235,54543,54543,-2.5484336217640955
2026-07-13 23:58:30.852967,54671,54671,-2.2174538721237194
2026-07-14 03:22:01.782626,54716,54716,-0.8525630398319529
2026-07-14 05:54:02.959400,54987,54987,-0.07212664105385394
2026-07-14 08:17:40.773749,54844,54844,-0.35556653923789966
2026-07-14 10:19:07.123719,54960,54960,-0.3369210683601341
2026-07-14 11:57:14.755622,55050,55050,0.10771930712262577
2026-07-14 14:03:09.829059,55639,55639,2.0567945096730087
2026-07-14 16:00:12.987885,56581,56581,3.13081915345719
2026-07-14 17:24:40.532852,56415,56415,3.3224947755545418
2026-07-14 18:41:40.007339,56544,56544,3.983815295395251
2026-07-14 20:16:48.612658,56408,56408,3.4503638708568958
2026-07-14 21:32:30.141994,56583,56583,3.925497627847903
2026-07-14 23:01:15.558638,56772,56772,4.3913029684524
2026-07-15 00:52:30.112726,56668,56668,3.5426575489596304
2026-07-15 04:09:17.428623,56596,56596,3.1635355008915003
2026-07-15 06:37:51.437096,56924,56924,3.5390149006229374
2026-07-15 09:12:35.854770,56692,56692,3.2295833624916352
2026-07-15 11:11:15.953340,56652,56652,2.973782684240693
2026-07-15 12:53:24.035923,56896,56896,2.1779532671394595
2026-07-15 14:57:22.463587,57158,57158,2.1403315837923134
2026-07-15 16:39:45.003233,56625,56625,-0.12981152421646003
2026-07-15 18:13:12.676826,56680,56680,0.442593182420297
2026-07-15 19:46:46.901176,56642,56642,0.24281629984442707
2026-07-15 21:05:14.892169,56653,56653,0.27079404289840714
2026-07-15 22:31:55.164411,56568,56568,-0.5135270065570657
2026-07-16 00:03:46.589141,56465,56465,-0.7329585364481239
2026-07-16 03:48:44.324186,56323,56323,-0.4297899207475389
2026-07-16 06:23:40.240136,56531,56531,-0.4293165155344854
2026-07-16 08:42:00.866366,56045,56045,-0.980469312294013
2026-07-16 11:04:27.029083,55978,55978,-1.1013338901575065
2026-07-16 13:02:38.188331,55866,55866,-2.1972791582699207
2026-07-16 15:18:27.445040,56248,56248,-1.5514129071874587
2026-07-16 16:50:24.614059,56267,56267,-0.9432999652101405
2026-07-16 18:09:50.537694,56052,56052,-0.9848642471291593
2026-07-16 19:42:29.108678,56111,56111,-0.929264321650076
2026-07-16 21:07:48.486205,56038,56038,-1.0175719736232944
2026-07-16 22:30:48.600471,55917,55917,-1.1092186363495098
2026-07-16 23:32:12.673050,55721,55721,-1.4099650041235785
2026-07-17 03:15:14.718263,55568,55568,-1.4465430867162854
2026-07-17 06:00:47.691557,54872,54872,-2.9918510915237
2026-07-17 08:25:11.716470,54898,54898,-1.6638640858642313
2026-07-17 10:19:45.422737,55105,55105,-1.4958010448773147
2026-07-17 11:54:07.848836,55318,55318,-1.1544020433374964
2026-07-17 13:49:36.608422,54758,54758,-2.1604345198112345
2026-07-17 15:18:46.771088,54998,54998,-2.337984915835416
2026-07-17 16:41:55.546321,55430,55430,-1.4954490216259952
2026-07-17 18:10:24.439032,55936,55936,-0.2322747069000057
2026-07-17 19:41:23.650050,56056,56056,-0.07261983464788867
2026-07-17 21:01:48.928232,56022,56022,0.050875813123244004
2026-07-17 22:25:00.193311,55914,55914,-0.05449312356820902
2026-07-17 23:26:50.827862,55860,55860,0.26007322227255725
2026-07-18 00:58:44.963008,55822,55822,0.12188228636425322
2026-07-18 04:08:29.714596,55899,55899,0.7607421396810079
2026-07-18 06:29:34.381283,55910,55910,1.8444684521373595
2026-07-18 08:24:47.229679,55900,55900,1.8240376638943596
2026-07-18 10:00:20.891561,55908,55908,1.6334307136956057
2026-07-18 11:14:40.358460,55931,55931,1.3883660062677274
2026-07-18 12:30:20.203249,56013,56013,1.446011695327639
2026-07-18 14:02:59.751528,56030,56030,1.4851677518530515
2026-07-18 15:32:02.347319,55994,55994,1.3976716465801258
2026-07-18 16:32:22.711769,56046,56046,1.2313426512835564
2026-07-18 17:59:48.996520,56336,56336,0.6170686680853279
2026-07-18 19:18:48.248308,56423,56423,0.7773159078053421
2026-07-18 20:22:18.558680,56518,56518,1.0347905721444792
2026-07-18 21:26:39.271973,56568,56568,0.8627898953651773
2026-07-18 22:26:42.272476,56590,56590,1.2687346403282518
2026-07-18 23:29:27.265260,56644,56644,1.395463709801788
2026-07-19 01:05:43.349383,56607,56607,1.4308748779788054
2026-07-19 04:51:43.466265,56581,56581,1.2780798304821004
2026-07-19 07:29:56.438694,56548,56548,1.1028499347678937
2026-07-19 09:30:23.166150,56424,56424,0.9745391311406939
2026-07-19 10:58:03.186118,56438,56438,0.905864850312374
2026-07-19 12:04:08.301898,56309,56309,0.5005149802340411
2026-07-19 14:04:00.211014,56347,56347,0.5896455464082939
2026-07-19 15:32:43.026241,56363,56363,0.666112111503076
2026-07-19 17:03:33.542281,56374,56374,0.36741283211671144
2026-07-19 18:30:23.478259,56296,56296,-0.18854798231157346
2026-07-19 19:47:08.677292,56310,56310,-0.15666094533969482
2026-07-19 20:57:15.007706,56387,56387,-0.2592615068840287
2026-07-19 22:00:23.910444,56286,56286,-0.5220968721671906
2026-07-19 23:03:49.289482,56508,56508,-0.21590009941077323
2026-07-20 01:06:54.762130,56452,56452,-0.2607886300803296
2026-07-20 05:09:05.149292,56288,56288,-0.5103832326345838
2026-07-20 08:26:16.100396,56108,56108,-0.7106200724312248
2026-07-20 11:24:12.937970,56215,56215,-0.4032455748508314
2026-07-20 13:28:14.471618,56484,56484,0.37149581615216093
2026-07-20 15:31:36.949975,56878,56878,0.9224294434247051
2026-07-20 18:09:47.501398,57413,57413,1.9885088410123695
2026-07-20 20:08:12.059009,57013,57013,1.083516665000866
2026-07-20 21:45:23.544586,57238,57238,1.707424523544187
2026-07-20 23:04:51.528962,57062,57062,1.007612474641451
2026-07-21 01:01:03.726605,57400,57400,1.69902956362226
2026-07-21 04:25:32.494738,57410,57410,1.612836315721597
2026-07-21 07:11:48.072855,57617,57617,3.081081927923406
2026-07-21 10:04:30.974280,57994,57994,3.3209390650807302
2026-07-21 12:10:09.599757,58074,58074,2.4553171635964914
2026-07-21 14:36:18.043009,58560,58560,3.8902133342177283
2026-07-21 16:26:44.317261,58330,58330,1.8919358741313088
2026-07-21 17:55:10.926758,58029,58029,1.1211344744592577
2026-07-21 19:39:02.768311,58236,58236,2.214739717257508
2026-07-21 21:16:04.615695,58208,58208,1.797153090697697
2026-07-21 22:28:51.688483,58103,58103,1.7359290753369097
2026-07-21 23:32:53.444720,58198,58198,1.868128883636779
2026-07-22 03:16:01.365151,58015,58015,1.1966221414547766
2026-07-22 06:12:09.382121,57721,57721,0.37511966604063973
2026-07-22 09:10:51.405875,57836,57836,-0.12292553715170838
2026-07-22 11:26:41.736622,57896,57896,-0.07044056650385197
2026-07-22 13:04:42.063417,57488,57488,-1.3117715448745915
2026-07-22 15:21:10.453124,57766,57766,-1.1267283142194682
2026-07-22 16:58:05.650172,58016,58016,-0.5203616576416911
2026-07-22 18:16:37.586511,57800,57800,-0.4890650183115359
2026-07-22 19:59:13.333786,57739,57739,-0.8349446591077385
2026-07-22 21:14:56.689593,57745,57745,-0.7957459576648414
2026-07-22 22:35:14.551238,57828,57828,-0.4778327891667168
2026-07-23 00:05:11.391708,57874,57874,-0.8255706193962351
2026-07-23 03:56:06.272169,57438,57438,-1.0912471675463047
2026-07-23 06:35:01.586888,57489,57489,-0.47622740615237796
2026-07-23 09:28:02.245937,57556,57556,-0.5121267276142849
2026-07-23 11:26:57.406739,57554,57554,-0.5883484207599343
2026-07-23 13:06:00.071949,57216,57216,-0.4749399818931635
2026-07-23 15:33:31.109696,57005,57005,-1.5115022282729542
2026-07-23 17:29:25.816872,56940,56940,-1.4738014347180057
2026-07-23 18:48:07.069763,56963,56963,-1.19460245580751
2026-07-23 20:17:41.129289,57133,57133,-1.0029093528912176
2026-07-23 21:37:21.041191,57169,57169,-1.1191607745238767
2026-07-23 23:01:29.796875,57248,57248,-1.0557740956261836
2026-07-24 00:57:45.971812,57019,57019,-1.4604155198133497
2026-07-24 04:22:11.270315,57379,57379,-0.09597901949466725
2026-07-24 07:09:58.302834,57533,57533,0.08512995747199384
2026-07-24 09:58:04.256635,57154,57154,-0.6083588712953542
2026-07-24 11:49:46.478158,56991,56991,-0.9746384612268627
2026-07-24 13:56:01.331847,56338,56338,-1.4521387107068309
2026-07-24 15:35:05.500189,56296,56296,-1.3207209732285876
2026-07-24 17:42:31.106291,56368,56368,-0.9877663154802911
2026-07-24 19:37:15.172521,56439,56439,-0.9415349858767321
2026-07-24 21:09:45.019312,56348,56348,-1.470387843490093
2026-07-24 22:36:12.421285,56380,56380,-1.5241664196336573
2026-07-25 00:09:44.566175,56344,56344,-1.2889657376073738
2026-07-25 03:50:31.483010,56287,56287,-2.0425296912390487
2026-07-25 06:22:50.756293,56247,56247,-2.122635757452316
2026-07-25 08:31:55.925611,56207,56207,-2.064258979699222
2026-07-25 10:38:37.439917,56201,56201,-1.4915487605612228
2026-07-25 12:05:25.705574,56271,56271,-1.4851038777894667
2026-07-25 14:11:31.879808,56346,56346,0.15870853166236387
2026-07-25 15:42:55.149404,56411,56411,0.006905995321514455
2026-07-25 17:05:05.724125,56393,56393,0.3836798018599189
2026-07-25 18:28:48.772873,56532,56532,0.28942986936484155
2026-07-25 19:48:00.804006,56557,56557,0.21274450275092419
2026-07-25 20:58:41.527962,56510,56510,0.21675168047229518
2026-07-25 22:03:11.021860,56526,56526,0.36612080116427465
2026-07-25 23:33:13.453604,56564,56564,0.3572250904390838
2026-07-26 03:28:54.114028,56701,56701,0.7272490142289532
2026-07-26 06:22:51.840265,56500,56500,0.4755541567177844
2026-07-26 08:58:35.330453,56661,56661,0.9969755134874483
2026-07-26 10:49:18.237117,56715,56715,0.8703436001523205
2026-07-26 12:08:16.052285,56740,56740,0.8317764835199701
2026-07-26 14:10:45.504940,56864,56864,0.9045761272373732
2026-07-26 15:42:08.039534,56920,56920,0.9279424230415859
2026-07-26 17:07:55.974053,56867,56867,0.8241815453675133
2026-07-26 18:34:39.408716,56838,56838,0.46391698186790387
2026-07-26 20:13:31.255877,56720,56720,0.3325159812419894
2026-07-26 21:28:56.561660,56839,56839,0.6614604845528388
2026-07-26 22:34:02.005242,57209,57209,1.1889183652135495
2026-07-27 00:05:18.228105,57315,57315,1.3669702795900625
2026-07-27 04:24:06.803511,57308,57308,1.1603645063586976
2026-07-27 08:04:02.847519,57190,57190,1.1518960343789426
2026-07-27 11:53:53.864830,57132,57132,0.7982633228396797
2026-07-27 14:47:33.460529,56701,56701,-0.2983260665672359
2026-07-27 17:02:59.903203,56971,56971,0.2358407735404312
2026-07-27 18:57:58.905531,56995,56995,0.209179416615036
2026-07-27 20:27:43.046016,57082,57082,0.74528556080847
2026-07-27 21:43:18.610717,56944,56944,0.18186726474011305
2026-07-27 23:08:47.673104,56062,56062,-2.418584910242708
2026-07-28 00:57:54.471311,55834,55834,-2.140670404273687
2026-07-28 04:17:50.629672,55655,55655,-2.786362893249036
2026-07-28 07:17:53.453703,55843,55843,-2.534992141796019
2026-07-28 10:10:58.706191,55729,55729,-2.5776132913702003
2026-07-28 12:23:17.338464,55774,55774,-2.305370798501093
2026-07-28 15:02:15.819739,55644,55644,-2.0947710526332095
2026-07-28 17:01:43.855661,56132,56132,-1.3653982977875343
2026-07-28 18:24:41.671128,55887,55887,-1.9271403721225187
2026-07-28 20:03:32.868143,56095,56095,-1.8560622291681685
2026-07-28 21:41:55.343515,56109,56109,-1.4669247035486597
2026-07-28 23:05:09.810319,55939,55939,-0.009420640732428912
2026-07-29 01:00:38.876667,56141,56141,0.6116202806435026
2026-07-29 04:23:14.919916,55784,55784,0.2509054920639444
2026-07-29 07:22:42.045387,56512,56512,1.2616189804774878
2026-07-29 10:11:42.714203,56705,56705,1.7434862470834607
2026-07-29 12:31:40.015450,56505,56505,1.2786403757256986
2026-07-29 15:11:41.821273,56303,56303,1.2614286864704
2026-07-29 16:51:40.136060,55908,55908,-0.23841806357135695
2026-07-29 18:11:00.557214,56371,56371,0.8786075810352975
2026-07-29 19:54:17.967751,55474,55474,-0.8093772599732562
2026-07-29 21:02:26.188855,55333,55333,-1.36817885898689
2026-07-29 22:30:58.342762,55760,55760,-0.5828182102027659
2026-07-29 23:37:17.628750,55716,55716,-0.429849432548376
2026-07-30 02:45:53.540048,56045,56045,-0.17174319443069083
2026-07-30 05:46:52.299388,55910,55910,-0.35764648777597285
2026-07-30 08:35:54.795721,56072,56072,-0.5717516496208291
2026-07-30 11:12:49.241929,56250,56250,-0.6018974480479634
2026-07-30 13:08:53.564117,56513,56513,0.1528878972102718
2026-07-30 15:33:35.017382,56124,56124,-0.2028231722520507
2026-07-30 17:41:10.097814,56257,56257,0.4828418596385991
2026-07-30 19:41:11.869148,56199,56199,0.7861803078608884
2026-07-30 21:17:08.842345,56133,56133,1.4353200558618573
2026-07-30 22:38:04.811284,56295,56295,1.0561205082783152
2026-07-31 00:07:40.681200,56252,56252,0.8438389065200207
2026-07-31 04:02:45.556982,55871,55871,-0.17936604303155138
2026-07-31 07:23:56.846302,55570,55570,-0.6945957627721708
2026-07-31 10:07:45.078197,55270,55270,-1.8265589783620246
2026-07-31 12:29:04.983126,55453,55453,-1.8913207256065403
2026-07-31 15:03:53.258188,54361,54361,-3.273133396770077
2026-07-31 17:07:14.317724,54512,54512,-3.0377514998391666
2026-07-31 18:55:24.704565,54723,54723,-2.3739981259301537
2026-07-31 20:23:13.643405,54580,54580,-2.870827247108127
2026-07-31 21:40:40.075740,54563,54563,-2.8426361082248097
2026-07-31 23:07:28.823038,54534,54534,-3.0289575197423915
2026-08-01 01:07:20.419342,54521,54521,-3.2566864883605486
2026-08-01 04:55:50.849350,54641,54641,-2.1752294994645776
2026-08-01 07:31:10.371954,54617,54617,-1.661272397184356
2026-08-01 09:35:00.851451,54659,54659,-1.0983420305967104
2026-08-01 11:21:43.243605,54597,54597,-1.7374857833188488
2026-08-01 12:34:51.315305,54641,54641,-1.347156019377049
2026-08-01 14:37:20.793953,54656,54656,0.08988462356155925
2026-08-01 16:05:06.911081,54530,54530,0.13580325132877202
2026-08-01 17:33:27.389538,54422,54422,-0.29200412798943115
2026-08-01 19:17:39.957741,54196,54196,-0.7976212691435104
2026-08-01 20:28:13.643863,54230,54230,-0.5792211262537493
2026-08-01 21:28:18.954139,54353,54353,-0.3991427745911625
2026-08-01 22:32:48.805234,54436,54436,-0.2123365080787796
2026-08-01 23:33:53.331982,54374,54374,-0.3096528495633227
2026-08-02 03:27:50.365380,54983,54983,0.7116357267768066
2026-08-02 06:19:44.013912,54960,54960,0.7172066601885663
2026-08-02 08:56:55.085558,54769,54769,0.16649287946317498
2026-08-02 10:45:26.804749,54754,54754,0.2539820369564941
2026-08-02 12:06:47.947344,54671,54671,0.023443633565372414
2026-08-02 14:10:31.674805,54653,54653,0.012360718865882237
2026-08-02 15:40:37.423901,54704,54704,0.17826175424504453
2026-08-02 17:06:06.727548,54737,54737,0.36286805121213495
2026-08-02 18:32:31.158326,54832,54832,1.527898108095295
2026-08-02 20:13:03.297786,54888,54888,1.3127265315974468
2026-08-02 21:27:47.286822,54967,54967,1.1307514140129764
2026-08-02 22:30:29.086627,55000,55000,1.0328134540447997
2026-08-02 23:34:20.006238,54996,54996,1.1444837467640925
2026-08-03 03:29:04.722256,54650,54650,-0.5392700621519789
2026-08-03 06:47:31.003228,54297,54297,-1.287274392581349
2026-08-03 10:48:26.255897,54356,54356,-0.7343886082515849
2026-08-03 13:44:26.214125,54515,54515,-0.24829866072785664
2026-08-03 16:30:33.332514,55473,55473,1.4706101399914657
2026-08-03 18:21:39.783743,55501,55501,1.1784467160373127
2026-08-03 20:14:25.402795,55506,55506,1.1360272834963352
2026-08-03 21:43:00.952521,55288,55288,0.3029774621073361
2026-08-03 23:07:44.818106,55196,55196,0.641889013257667
2026-08-04 01:01:50.488120,54992,54992,0.410251383001158
2026-08-04 04:46:33.273146,55589,55589,1.9645192114929635
2026-08-04 07:43:48.551685,55276,55276,1.818868106790178
2026-08-04 10:45:13.477796,55161,55161,1.466590101784884
2026-08-04 13:05:52.392322,55474,55474,2.1303681568459854
2026-08-04 15:57:51.645143,55616,55616,0.587089263614697
2026-08-04 17:58:55.001382,55473,55473,-0.019257308673138126
2026-08-04 19:49:05.834118,55789,55789,0.5464758407025186
2026-08-04 21:16:46.523006,55705,55705,0.6914207646634464
2026-08-04 22:37:57.540089,55680,55680,0.9567350103329888
2026-08-05 00:09:47.155016,55487,55487,0.5815330105754475
2026-08-05 03:46:07.049015,55558,55558,0.2732275547757637
2026-08-05 06:33:37.924704,55712,55712,0.6190096548386396
2026-08-05 09:40:06.486352,55578,55578,0.7740841305505138
2026-08-05 12:03:00.128812,55426,55426,0.0021564274191568584
2026-08-05 14:57:08.239321,55743,55743,0.2934953248817558
2026-08-05 16:47:27.041523,55991,55991,0.9412351945164482
2026-08-05 18:25:14.572217,55934,55934,0.22429560463391715
2026-08-05 20:10:34.361754,56075,56075,0.8294105342467412
2026-08-05 21:49:29.685794,55940,55940,0.486327343136405
2026-08-05 23:05:45.867311,55868,55868,0.3859999962312469
2026-08-06 00:53:04.812375,55877,55877,0.7133539772115066
2026-08-06 04:17:14.074556,55866,55866,0.6254834846397505
2026-08-06 07:18:10.522696,56166,56166,1.083132893180333
2026-08-06 10:11:08.607448,55968,55968,0.7237701432440435
2026-08-06 12:28:05.010297,55860,55860,0.09220082853317038
2026-08-06 14:57:39.644111,56058,56058,0.5887791367141503
2026-08-07 00:26:38.321321,55738,55738,-0.3358395475781973
2026-08-07 03:31:26.714271,55779,55779,-0.08771113960184067
2026-08-07 05:44:50.760220,55710,55710,-0.7451942827803283
2026-08-07 07:24:14.381611,55798,55798,-0.711444268388716
2026-08-07 08:35:37.357230,55931,55931,-0.4262791160434493
2026-08-07 10:05:13.777858,56186,56186,0.35761623903006795
2026-08-07 11:24:21.100946,56406,56406,0.8796976462946859
2026-08-07 12:11:11.857957,56377,56377,1.0103622679238258
2026-08-07 13:51:31.632199,56242,56242,0.8204516151254839
2026-08-07 14:58:19.983858,56229,56229,0.27260467180649406
2026-08-07 16:02:56.935140,56134,56134,0.10968220956083233
2026-08-07 17:25:26.681682,55885,55885,-0.393808716746425
2026-08-07 18:24:19.550307,56035,56035,0.06590118468949104
2026-08-07 19:32:29.951240,56099,56099,0.42379559018831703
2026-08-07 20:47:45.544111,56166,56166,0.48580669566814494
2026-08-07 21:44:32.357281,56232,56232,0.573829184536183
2026-08-07 22:42:25.266892,56083,56083,0.4723719782694834
2026-08-07 23:38:26.046173,56097,56097,0.6942421365597281
2026-08-08 01:57:40.486389,56123,56123,0.4929533196633964
2026-08-08 03:40:31.668712,56208,56208,0.7594273256415204
2026-08-08 05:02:41.391719,56201,56201,0.8874009034394406
2026-08-08 06:08:35.705384,56180,56180,0.6682684325960719
2026-08-08 07:31:17.991087,56197,56197,0.6139104776667875
2026-08-08 08:10:42.687203,56163,56163,0.6710316604178355
2026-08-08 09:12:05.505008,56195,56195,0.17600613603865062
2026-08-08 10:04:34.387930,56189,56189,-0.013278744333600358
2026-08-08 11:02:52.037333,56201,56201,-0.12254675690969866
2026-08-08 11:56:25.485405,56165,56165,-0.3127459166714713
2026-08-08 12:59:50.218951,56207,56207,-0.24359512787987075
2026-08-08 13:52:42.751763,56201,56201,-0.28009623062576433
2026-08-08 14:37:07.786019,56329,56329,-0.04484070657449517
2026-08-08 15:35:34.116171,56266,56266,-0.01420199281242246
2026-08-08 16:39:42.241641,56224,56224,0.17470737079008505
2026-08-08 17:35:49.362796,56297,56297,0.8531521561728187
2026-08-08 18:44:58.335255,56230,56230,0.4837515061272649
2026-08-08 19:34:53.526462,56205,56205,0.15026251015245065
2026-08-08 20:36:17.340545,56258,56258,0.1667689094990077
2026-08-08 21:35:35.890150,56217,56217,0.04994477215938413
2026-08-08 22:35:09.709104,56185,56185,0.16705111025173905
2026-08-08 23:34:10.713667,56145,56145,0.08936213971529398
2026-08-09 02:05:13.978144,56066,56066,-0.08123130271169592
2026-08-09 04:00:25.900748,56023,56023,-0.34302307020493
2026-08-09 05:14:44.491061,56018,56018,-0.30952917600835256
2026-08-09 06:10:28.670816,56038,56038,-0.24614722116927867
2026-08-09 07:35:11.199668,56068,56068,-0.22384037398729084
2026-08-09 08:50:37.802029,56041,56041,-0.26654142366335803
2026-08-09 09:45:41.523687,56043,56043,-0.2872529810044227
2026-08-09 10:40:04.777969,56154,56154,-0.09683483722609304
2026-08-09 11:34:36.939098,56181,56181,0.016667871809821818
2026-08-09 13:01:09.001523,56409,56409,0.3713062945049132
2026-08-09 13:56:00.142314,56635,56635,0.7640072399466562
2026-08-09 14:40:19.202494,56612,56612,0.4981523575915243
2026-08-09 15:37:16.219165,56648,56648,0.6957631309831417
2026-08-09 16:41:41.789017,56662,56662,0.7518161070246386
2026-08-09 17:36:07.859062,56651,56651,0.6083600627969169
2026-08-09 18:49:11.728259,56639,56639,0.733047458404808
2026-08-09 19:38:09.508257,56398,56398,0.32756966371354923
2026-08-09 20:38:30.966371,56310,56310,0.09721754456615071
2026-08-09 21:38:05.988712,56298,56298,0.12624706040144457
2026-08-09 22:36:44.665193,56302,56302,0.21476734994109742
2026-08-09 23:36:43.511658,56089,56089,-0.11080358717969185
2026-08-10 02:09:41.935669,56303,56303,0.45329490602189415
2026-08-10 04:14:45.215793,56277,56277,0.4107112741343094
2026-08-10 05:56:56.809403,56338,56338,0.5611452522900747
2026-08-10 07:53:49.381475,56394,56394,0.602905867467402
2026-08-10 09:27:52.050869,56342,56342,0.5084873109468794
2026-08-10 10:45:42.773622,56213,56213,0.1063011590942495
2026-08-10 11:52:33.302251,56295,56295,0.19591699368499807
2026-08-10 13:20:10.755194,56155,56155,-0.5795744267016938
2026-08-10 14:38:39.355205,56094,56094,-0.9181662074925214
2026-08-10 16:03:57.912803,55604,55604,-1.8259493562966949
2026-08-10 17:28:08.838563,55362,55362,-2.2834274557609415
2026-08-10 18:26:49.639718,55383,55383,-2.190747782370174
2026-08-10 19:34:04.586199,55449,55449,-1.6820940005182023
2026-08-10 20:50:23.461380,55543,55543,-1.34363822604627
2026-08-10 21:48:02.353030,55438,55438,-1.6556886091244727
2026-08-10 22:43:08.973101,55360,55360,-1.4991501853603446
2026-08-10 23:40:04.544615,55362,55362,-1.3434692703043187
2026-08-11 02:04:30.872664,55436,55436,-1.5844792667089116
2026-08-11 04:02:41.437621,55518,55518,-1.2834876024891495
2026-08-11 05:37:23.256028,55399,55399,-1.5514106594805355
2026-08-11 07:16:00.447077,55394,55394,-1.8670062715238238
2026-08-11 08:31:36.582540,55502,55502,-1.627303675002738
2026-08-11 10:03:59.858852,55665,55665,-0.9656570885186129
2026-08-11 11:23:09.649874,55712,55712,-1.0237560718842096
2026-08-11 12:11:55.469998,55815,55815,-0.9839860086231592
2026-08-11 13:56:42.891150,55543,55543,-0.5339638917756625
2026-08-11 15:04:10.030017,55214,55214,-1.2847891474600015
2026-08-11 16:25:51.608558,55105,55105,-0.6377758243745509
2026-08-11 17:30:53.622159,55038,55038,-0.5178572102765382
2026-08-11 18:30:14.659975,55018,55018,-0.5576738425032917
2026-08-11 19:40:37.881906,54870,54870,-0.9231829831471741
2026-08-11 20:53:08.131175,55145,55145,-0.6944237080241498
2026-08-11 21:54:54.690722,55098,55098,-0.5489993407001652
2026-08-11 22:50:26.567409,55083,55083,-0.5520999456550858
2026-08-11 23:48:15.762310,55084,55084,-0.5143307780754932
2026-08-12 02:25:16.287460,55273,55273,-0.3078228211357185
2026-08-12 04:24:20.211910,55309,55309,-0.3313178471969831
2026-08-12 05:58:43.614327,55287,55287,-0.2472631138908724
2026-08-12 07:44:55.637721,55150,55150,-0.6220718301632242
2026-08-12 09:16:58.161772,55277,55277,-0.49422527933941074
2026-08-12 10:36:52.923033,55547,55547,-0.19914799066675892
2026-08-12 11:52:36.728700,55604,55604,-0.2457951213712665
2026-08-12 13:20:34.383783,55380,55380,-0.5219912130727397
2026-08-12 14:38:25.363958,55004,55004,-0.7556790266744262
2026-08-12 16:02:33.703840,54931,54931,-0.18048832990520186
2026-08-12 17:32:16.021028,54989,54989,-0.12744317145786152
2026-08-12 19:07:39.019893,54987,54987,0.28315130811658484
2026-08-12 20:10:38.965476,55022,55022,-0.18794746196757173
2026-08-12 21:22:13.150574,55114,55114,-0.029986150396540186
2026-08-12 22:12:45.490840,55026,55026,-0.24061801447477255
2026-08-12 23:12:23.130235,54956,54956,-0.15244050598995545
2026-08-13 00:09:11.680465,55032,55032,0.039047899839192025
2026-08-13 03:09:50.213100,55080,55080,-0.2809377339807866
2026-08-13 05:19:19.997141,55422,55422,0.24478984735861944
2026-08-13 06:58:39.829947,55436,55436,0.5124496096056017
2026-08-13 08:38:56.315492,55298,55298,0.10969620926030267
2026-08-13 10:13:13.724051,55132,55132,-0.7700124258530572
2026-08-13 11:22:39.666291,55091,55091,-0.8372929363776868
2026-08-13 12:11:56.146075,55029,55029,-1.042036858991562
2026-08-13 13:59:50.626693,55203,55203,-0.11149184996464609
2026-08-13 15:07:49.260482,55315,55315,0.6663433791065949
2026-08-13 16:26:44.434640,55079,55079,0.09710302742387461
2026-08-13 17:31:38.342318,54761,54761,-0.37108427057048243
2026-08-13 19:08:41.589056,54906,54906,-0.15338635417280497
2026-08-13 20:06:00.547937,54929,54929,-0.2305905940544074
2026-08-13 21:23:47.089340,54973,54973,-0.2516078708912141
2026-08-13 22:13:42.266846,55094,55094,0.035878600439556
2026-08-13 23:13:35.086240,55003,55003,0.06569444322978407
2026-08-14 00:09:16.731183,54991,54991,-0.1300997659023274
2026-08-14 03:08:16.125415,54944,54944,-0.24535058015712624
2026-08-14 05:16:27.574613,54836,54836,-0.9857472640738352
2026-08-14 06:55:26.136864,54654,54654,-1.3988521041579687
2026-08-14 08:20:33.988100,54430,54430,-1.5993167616886645
2026-08-14 09:37:12.308104,54292,54292,-1.6292058337920912
2026-08-14 11:01:22.792900,54309,54309,-1.486687369809995
2026-08-14 11:53:56.166275,54309,54309,-1.201408409668595
2026-08-14 13:17:16.150533,54167,54167,-1.8122480420849767
2026-08-14 14:33:03.009031,54054,54054,-2.1263065907426224
2026-08-14 15:57:25.765692,54356,54356,-1.3747721808333688
2026-08-14 17:01:26.255894,54510,54510,-0.34183979170992757
2026-08-14 18:26:43.964387,54468,54468,-0.5426289619669575
2026-08-14 19:30:51.267228,54337,54337,-1.1041321668698685
2026-08-14 20:06:56.678166,54402,54402,-1.0081632478333775
2026-08-14 20:58:23.033702,54325,54325,-1.1145012062973227
2026-08-14 21:33:56.769953,54322,54322,-1.2351139114746592
2026-08-14 22:29:04.874443,54265,54265,-1.5484026535868034
2026-08-14 22:54:19.053025,54312,54312,-1.3539894178355536
2026-08-14 23:27:17.244302,54369,54369,-1.1198057077515693
2026-08-14 23:51:26.987306,54459,54459,-0.8758325269892613
2026-08-15 01:31:25.626170,54435,54435,-1.0183199489410841
2026-08-15 02:56:59.791502,54523,54523,-0.9413721855113651
2026-08-15 03:45:14.045713,54458,54458,-0.78725253037304
2026-08-15 04:36:44.747187,54512,54512,-0.7628549023977019
2026-08-15 05:29:51.162309,54515,54515,-0.5527030416310166
2026-08-15 05:55:28.747230,54459,54459,-0.7839209163194947
2026-08-15 06:46:44.628963,54460,54460,-0.4138366090415353
2026-08-15 07:35:01.490945,54467,54467,-0.1635576625915947
2026-08-15 08:35:33.206224,54445,54445,0.3727280572560338
2026-08-15 09:31:11.019279,54383,54383,0.15290851205653705
2026-08-15 09:54:18.112845,54422,54422,0.19000267039434
2026-08-15 10:27:54.786769,54416,54416,0.0962376984708266
2026-08-15 10:51:20.582127,54442,54442,0.213050155422742
2026-08-15 11:25:19.233445,54428,54428,0.18175449101689248
2026-08-15 11:47:51.557059,54445,54445,0.27819527600413013
2026-08-15 12:47:01.134318,54371,54371,0.2720278703549024
2026-08-15 13:34:59.443192,54435,54435,0.5175329113853542
2026-08-15 14:28:24.756170,54427,54427,0.6847177840150991
2026-08-15 14:52:28.731331,54443,54443,0.6732267906112683
2026-08-15 15:26:51.883721,54459,54459,0.595442556814981
2026-08-15 15:48:52.117332,54504,54504,0.24672418071459376
2026-08-15 16:30:34.077441,54504,54504,0.08347957792517902
2026-08-15 16:55:04.078577,54487,54487,-0.04696380083750586
2026-08-15 17:25:35.661130,54466,54466,-0.2782783362404025
2026-08-15 17:49:02.918848,54464,54464,-0.10182013775427187
2026-08-15 18:36:58.330640,54448,54448,0.10063269643953983
2026-08-15 19:25:29.387223,54501,54501,0.34819369918450266
2026-08-15 19:47:16.147161,54501,54501,0.1851154502260261
2026-08-15 20:28:06.965436,54471,54471,0.18800197242255373
2026-08-15 20:52:11.261017,54485,54485,0.2593351948671506
2026-08-15 21:26:09.554466,54506,54506,0.3266100407979207
2026-08-15 21:48:16.238231,54542,54542,0.41467643824719336
2026-08-15 22:27:26.682886,54528,54528,0.4846391117648578
2026-08-15 22:51:37.258879,54553,54553,0.44211031149466556
2026-08-15 23:25:12.941699,54517,54517,0.2825308366847068
2026-08-15 23:47:44.591790,54497,54497,0.12262344560162997
2026-08-16 01:40:25.552806,54455,54455,0.016135520085781917
2026-08-16 03:10:25.895479,54517,54517,-0.0020435878080120704
2026-08-16 04:09:44.372504,54523,54523,0.10556910064026541
2026-08-16 05:02:17.866389,54484,54484,-0.049815815040105044
2026-08-16 05:56:02.320719,54458,54458,-0.005286424391645518
2026-08-16 06:48:07.851200,54469,54469,0.014049940555417906
2026-08-16 07:35:47.585939,54461,54461,-0.010433331159598843
2026-08-16 08:35:42.859602,54472,54472,0.07071533553313482
2026-08-16 09:32:15.749262,54468,54468,0.1503866335345443
2026-08-16 10:28:16.782044,54407,54407,-0.016409198802533678
2026-08-16 10:52:12.491047,54416,54416,-0.05318055319891077
2026-08-16 11:24:41.946115,54406,54406,-0.04149366692920593
2026-08-16 11:48:43.251412,54404,54404,-0.03466402345424639
2026-08-16 12:49:27.878828,54410,54410,0.08598545401339838
2026-08-16 13:35:38.729352,54466,54466,0.053034595001480805
2026-08-16 14:28:11.257198,54486,54486,0.09990461898063535
2026-08-16 14:52:53.776076,54495,54495,0.098260311586574
2026-08-16 15:27:08.355605,54964,54964,0.9175509758404473
2026-08-16 15:49:45.949063,54981,54981,0.8779291079235717
2026-08-16 16:31:12.177953,55152,55152,1.1832157870717537
2026-08-16 16:55:54.922887,55075,55075,1.0778776117314763
2026-08-16 17:23:58.602339,55052,55052,1.0747771430488802
2026-08-16 17:48:17.991150,54985,54985,0.9590633511947656
2026-08-16 18:35:35.615403,55005,55005,1.0236383827727364
2026-08-16 19:24:50.531666,54581,54581,0.14524386004308695
2026-08-16 19:47:09.779122,54557,54557,0.10345969812668855
2026-08-16 20:28:38.140868,54492,54492,0.03720310021148536
2026-08-16 20:52:23.490361,54454,54454,-0.06470249904946239
2026-08-16 21:25:12.909531,54468,54468,-0.0682618932019785
2026-08-16 21:47:50.436106,54355,54355,-0.3450589931673348
2026-08-16 22:27:03.798604,54319,54319,-0.38088207040568806
2026-08-16 22:49:44.811335,54198,54198,-0.6500122161903046
2026-08-16 23:25:13.553775,54297,54297,-0.39974504602836813
2026-08-16 23:47:41.694057,54287,54287,-0.38090885461466717
2026-08-17 01:38:39.715207,54550,54550,0.16899321754010155
2026-08-17 03:05:09.189056,54712,54712,0.3627732477197587
2026-08-17 04:14:23.123761,54770,54770,0.4486169882637295
2026-08-17 05:10:47.144545,54746,54746,0.4679330544021735
2026-08-17 06:02:28.990100,54773,54773,0.5582135378789723
2026-08-17 07:34:39.118228,54717,54717,0.46997180034776864
2026-08-17 08:50:21.458529,54556,54556,0.16247927494847153
2026-08-17 09:48:55.677476,54531,54531,0.24387628416171853
2026-08-17 10:37:04.941261,54679,54679,0.48159370419368336
2026-08-17 11:31:11.330587,54873,54873,0.8774508412248712
2026-08-17 11:55:04.391162,54876,54876,0.8813443013826838
2026-08-17 12:53:37.854951,54774,54774,0.6518127696066437
2026-08-17 13:43:14.279967,54911,54911,0.8176766043107918
2026-08-17 14:33:10.994268,54815,54815,0.6187462570947221
2026-08-17 15:30:10.579227,55130,55130,0.30013723886875626
2026-08-17 15:54:24.628993,55356,55356,0.676780394388584
2026-08-17 16:33:53.660572,55252,55252,0.14658692646621152
2026-08-17 17:32:08.912231,55389,55389,0.6447428028947655
2026-08-17 18:47:00.031341,55653,55653,1.1969250642006608
2026-08-17 19:32:51.221269,55566,55566,1.7789985978626084
2026-08-17 20:32:35.479182,55585,55585,2.0056782884769424
2026-08-17 21:30:39.879831,55517,55517,1.931307291187194
2026-08-17 21:55:06.224958,55561,55561,2.143946813032566
2026-08-17 22:29:43.023999,55495,55495,2.2539035148447475
2026-08-17 22:54:23.177627,55497,55497,2.3255775067596436
2026-08-17 23:28:08.400438,55591,55591,2.4578861018549065
2026-08-17 23:51:01.622453,55634,55634,2.447547760040726
2026-08-18 01:28:10.762570,55497,55497,1.899309330327758
2026-08-18 02:40:13.907075,55369,55369,1.4380441540498283
2026-08-18 03:49:43.026007,55380,55380,1.28384853005062
2026-08-18 04:40:37.298304,55455,55455,1.2530949532261464
2026-08-18 05:34:53.803589,55437,55437,1.2548095126932588
2026-08-18 06:52:07.646034,55550,55550,1.24780872579939
2026-08-18 07:42:40.228380,55469,55469,1.411505306331939
2026-08-18 08:43:05.550957,55504,55504,1.735464171183066
2026-08-18 09:38:42.816546,55380,55380,1.526006467614115
2026-08-18 10:34:12.841222,55388,55388,1.3089071511593198
2026-08-18 11:30:21.262056,55565,55565,1.2622976022109087
2026-08-18 11:56:09.075172,55542,55542,1.2558277736224426
2026-08-18 12:55:34.368565,55449,55449,1.2566767339849778
2026-08-18 13:47:58.648084,55394,55394,1.0235167956475482
2026-08-18 14:39:38.875681,55905,55905,1.9231813706628347
2026-08-18 15:37:03.967867,55975,55975,1.36233934020975
2026-08-18 16:37:50.489978,55871,55871,1.0617631167208474
2026-08-18 17:33:10.700241,55957,55957,1.0985020217682393
2026-08-18 18:44:50.458227,55914,55914,0.46511180564840665
2026-08-18 19:32:01.381021,55912,55912,0.6213393628793632
2026-08-18 20:29:54.892011,55812,55812,0.40600758071373194
2026-08-18 20:54:41.400745,55780,55780,0.39383386230690076
2026-08-18 21:29:49.962626,55783,55783,0.4785548667903557
2026-08-18 21:52:16.596320,55778,55778,0.41213149873176746
2026-08-18 22:29:21.154860,55763,55763,0.4942814743753324
2026-08-18 22:55:17.759003,55788,55788,0.5539902573770854
2026-08-18 23:27:19.887394,55882,55882,0.5062671196353223
2026-08-18 23:50:21.165295,55906,55906,0.466856380713389
2026-08-19 01:35:50.556802,55680,55680,0.3364304618384194
2026-08-19 03:02:31.856376,55521,55521,0.354544952813831
2026-08-19 04:09:23.470838,55481,55481,0.20011095435301893
2026-08-19 05:04:22.517397,55475,55475,0.08355710667432577
2026-08-19 05:57:51.096616,55417,55417,-0.030683968126484256
2026-08-19 06:58:14.872772,55426,55426,-0.14735964121318806
2026-08-19 07:47:39.416710,55458,55458,0.0071631799567139255
2026-08-19 08:43:42.829936,55522,55522,0.04042638507335641
2026-08-19 09:39:11.220559,55446,55446,0.13729501287483842
2026-08-19 10:34:18.435500,55408,55408,0.021765047387111703
2026-08-19 11:30:33.208638,55547,55547,-0.028807329837996654
2026-08-19 11:55:24.868074,55554,55554,0.018154307712295932
2026-08-19 12:56:32.334640,55682,55682,0.4438225057133743
2026-08-19 13:49:51.465501,55804,55804,0.7693920552880257
2026-08-19 14:39:23.515762,56020,56020,0.2207554856855348
2026-08-19 15:37:07.282762,58622,58622,4.750858830945729
2026-08-19 16:37:19.275161,58923,58923,5.451588067869192
2026-08-19 17:31:08.156276,58160,58160,3.931894048017395
2026-08-19 17:55:16.571100,58459,58459,4.642905320539645
2026-08-19 18:42:24.725694,58512,58512,4.605688080087059
2026-08-19 19:30:52.907767,58445,58445,4.530391793400603
2026-08-19 19:54:58.577252,58590,58590,4.952904877713749
2026-08-19 20:34:03.260061,58840,58840,5.453530616019237
2026-08-19 21:30:44.694862,59623,59623,6.878800631328002
2026-08-19 21:55:28.109482,59723,59723,7.080699046245418
2026-08-19 22:29:52.890638,59252,59252,6.263856598800631
2026-08-19 22:54:59.693347,59218,59218,6.153198687346059
2026-08-19 23:27:34.327991,59324,59324,6.171183966224805
2026-08-19 23:50:40.329020,59319,59319,6.096463964877221
2026-08-20 01:34:59.578136,59354,59354,6.604430482566872
2026-08-20 03:01:38.773287,59345,59345,6.886289753666336
2026-08-20 04:09:44.825206,59288,59288,6.8700431538836915
2026-08-20 05:05:29.428196,59502,59502,7.234474298624492
2026-08-20 05:58:31.099297,59408,59408,7.204687651225799
2026-08-20 06:59:57.238155,59740,59740,7.754075862927813
2026-08-20 07:50:50.314393,59515,59515,7.304420288796227
2026-08-20 08:45:48.330794,61067,61067,9.976368266715099
2026-08-20 09:39:54.296680,61456,61456,10.859031240991333
2026-08-20 10:35:53.633280,61354,61354,10.696191467743978
2026-08-20 11:31:35.830620,61445,61445,10.624044245217021
2026-08-20 12:58:12.212772,61467,61467,10.421049801865175
2026-08-20 13:53:08.697240,61218,61218,9.728828293921541
2026-08-20 14:40:54.953996,61213,61213,9.222547833450676
2026-08-20 15:39:06.113548,61873,61873,5.4590337587549405
2026-08-20 16:40:40.005019,62021,62021,5.386222538739652
2026-08-20 17:35:05.394501,62327,62327,7.054741337458268
2026-08-20 18:47:19.897491,62081,62081,5.926145974316197
2026-08-20 19:36:08.218702,62169,62169,6.421221478865224
2026-08-20 20:34:36.184498,62384,62384,5.95025571159421
2026-08-20 21:32:58.018653,62246,62246,4.221674185676866
2026-08-20 22:32:54.042208,62277,62277,5.213207031820482
2026-08-20 23:30:23.291755,62686,62686,5.521552130853921
2026-08-20 23:54:33.927398,62484,62484,5.427596037449071
2026-08-21 01:39:33.313046,63811,63811,7.264088451150727
2026-08-21 03:08:14.436409,63497,63497,7.271416246211055
2026-08-21 04:11:14.590807,63951,63951,7.767316315202426
2026-08-21 05:06:31.394330,64071,64071,7.713543016511072
2026-08-21 06:00:09.767570,64443,64443,8.43783641730058
2026-08-21 07:02:33.735465,64639,64639,8.24839018247487
2026-08-21 08:07:36.484372,65493,65493,9.634391677048562
2026-08-21 09:09:41.738608,66293,66293,8.242765339937355
2026-08-21 10:02:25.935447,66542,66542,8.6599020538354
2026-08-21 10:59:13.416261,66504,66504,8.168882959267536
2026-08-21 11:35:00.677989,65784,65784,6.75157448036975
2026-08-21 12:57:30.969030,66026,66026,7.39906507781288
2026-08-21 13:52:17.085740,66297,66297,8.18014967100922
2026-08-21 14:40:37.966410,65928,65928,7.7231338520971
2026-08-21 15:38:40.563350,66417,66417,7.385215149102081
2026-08-21 16:40:41.646200,66131,66131,6.6117310658114725
2026-08-21 17:34:10.302396,66374,66374,6.492336441150343
2026-08-21 18:43:16.478543,66024,66024,6.435545395238626
2026-08-21 19:29:43.066356,66155,66155,6.451596958443205
2026-08-21 19:51:50.947987,66083,66083,6.192210038330314
2026-08-21 20:31:02.910802,66306,66306,6.354759874738547
2026-08-21 20:55:38.994573,66349,66349,6.762230912297336
2026-08-21 21:30:01.094321,66875,66875,7.494929420791557
2026-08-21 21:55:04.550378,67159,67159,7.822622153701429
2026-08-21 22:30:19.619737,67223,67223,7.932757495426987
2026-08-21 22:55:28.471327,67252,67252,7.931679044392799
2026-08-21 23:28:41.731836,67314,67314,7.452442455022476
2026-08-21 23:52:37.571885,66956,66956,7.1505110426591525
2026-08-22 01:28:03.687314,66797,66797,4.798373574431006
2026-08-22 02:38:57.421575,67020,67020,4.844852447025077
2026-08-22 03:46:41.155621,67311,67311,5.416317327766058
2026-08-22 04:38:40.717406,67363,67363,5.1306341356114835
2026-08-22 05:32:35.762618,66044,66044,2.7586838424877724
2026-08-22 06:48:26.569374,66305,66305,2.9225034874567175
2026-08-22 07:36:16.268659,66312,66312,1.545879387251836
2026-08-22 08:35:59.557543,65999,65999,-0.40225207748941133
2026-08-22 09:32:03.954128,66098,66098,-0.3866790385388788
2026-08-22 10:29:17.063322,65644,65644,-1.2765133648775417
2026-08-22 10:53:23.188830,65961,65961,-0.7076790079545308
2026-08-22 11:25:35.259407,65807,65807,-0.5534257199260078
2026-08-22 11:48:39.178742,66082,66082,0.8180823930930189
2026-08-22 12:48:44.204036,66212,66212,0.13308792433027627
2026-08-22 13:36:04.928693,66059,66059,0.7970227180047557
2026-08-22 14:26:58.214890,65940,65940,-0.05734437628794317
2026-08-22 14:51:17.100982,65888,65888,-0.5752903917098086
2026-08-22 15:27:02.302137,65907,65907,-0.9533357179321125
2026-08-22 15:49:26.817638,65975,65975,-0.4308612183734516
